[debug] [2025-05-03T14:44:24.169Z] ----------------------------------------------------------------------
[debug] [2025-05-03T14:44:24.170Z] Command:       /Users/nicolasjacquis/.nvm/versions/node/v18.20.5/bin/node /Users/nicolasjacquis/.nvm/versions/node/v18.20.5/bin/firebase deploy --only functions
[debug] [2025-05-03T14:44:24.170Z] CLI Version:   13.35.1
[debug] [2025-05-03T14:44:24.171Z] Platform:      darwin
[debug] [2025-05-03T14:44:24.171Z] Node Version:  v18.20.5
[debug] [2025-05-03T14:44:24.174Z] Time:          Sat May 03 2025 16:44:24 GMT+0200 (heure d’été d’Europe centrale)
[debug] [2025-05-03T14:44:24.175Z] ----------------------------------------------------------------------
[debug] 
[debug] [2025-05-03T14:44:24.273Z] > command requires scopes: ["email","openid","https://www.googleapis.com/auth/cloudplatformprojects.readonly","https://www.googleapis.com/auth/firebase","https://www.googleapis.com/auth/cloud-platform"]
[debug] [2025-05-03T14:44:24.274Z] > authorizing via signed-in user (nicolas.jacquis@gmail.com)
[debug] [2025-05-03T14:44:24.274Z] [iam] checking project ananas-4f5c6 for permissions ["cloudfunctions.functions.create","cloudfunctions.functions.delete","cloudfunctions.functions.get","cloudfunctions.functions.list","cloudfunctions.functions.update","cloudfunctions.operations.get","firebase.projects.get"]
[debug] [2025-05-03T14:44:24.274Z] Checked if tokens are valid: true, expires at: 1746285814941
[debug] [2025-05-03T14:44:24.274Z] Checked if tokens are valid: true, expires at: 1746285814941
[debug] [2025-05-03T14:44:24.275Z] >>> [apiv2][query] POST https://cloudresourcemanager.googleapis.com/v1/projects/ananas-4f5c6:testIamPermissions [none]
[debug] [2025-05-03T14:44:24.275Z] >>> [apiv2][(partial)header] POST https://cloudresourcemanager.googleapis.com/v1/projects/ananas-4f5c6:testIamPermissions x-goog-quota-user=projects/ananas-4f5c6
[debug] [2025-05-03T14:44:24.275Z] >>> [apiv2][body] POST https://cloudresourcemanager.googleapis.com/v1/projects/ananas-4f5c6:testIamPermissions {"permissions":["cloudfunctions.functions.create","cloudfunctions.functions.delete","cloudfunctions.functions.get","cloudfunctions.functions.list","cloudfunctions.functions.update","cloudfunctions.operations.get","firebase.projects.get"]}
[debug] [2025-05-03T14:44:24.982Z] <<< [apiv2][status] POST https://cloudresourcemanager.googleapis.com/v1/projects/ananas-4f5c6:testIamPermissions 200
[debug] [2025-05-03T14:44:24.982Z] <<< [apiv2][body] POST https://cloudresourcemanager.googleapis.com/v1/projects/ananas-4f5c6:testIamPermissions {"permissions":["cloudfunctions.functions.create","cloudfunctions.functions.delete","cloudfunctions.functions.get","cloudfunctions.functions.list","cloudfunctions.functions.update","cloudfunctions.operations.get","firebase.projects.get"]}
[debug] [2025-05-03T14:44:24.982Z] Checked if tokens are valid: true, expires at: 1746285814941
[debug] [2025-05-03T14:44:24.982Z] Checked if tokens are valid: true, expires at: 1746285814941
[debug] [2025-05-03T14:44:24.982Z] >>> [apiv2][query] POST https://iam.googleapis.com/v1/projects/ananas-4f5c6/serviceAccounts/ananas-4f5c6@appspot.gserviceaccount.com:testIamPermissions [none]
[debug] [2025-05-03T14:44:24.982Z] >>> [apiv2][body] POST https://iam.googleapis.com/v1/projects/ananas-4f5c6/serviceAccounts/ananas-4f5c6@appspot.gserviceaccount.com:testIamPermissions {"permissions":["iam.serviceAccounts.actAs"]}
[debug] [2025-05-03T14:44:25.564Z] <<< [apiv2][status] POST https://iam.googleapis.com/v1/projects/ananas-4f5c6/serviceAccounts/ananas-4f5c6@appspot.gserviceaccount.com:testIamPermissions 404
[debug] [2025-05-03T14:44:25.564Z] <<< [apiv2][body] POST https://iam.googleapis.com/v1/projects/ananas-4f5c6/serviceAccounts/ananas-4f5c6@appspot.gserviceaccount.com:testIamPermissions {"error":{"code":404,"message":"Unknown service account","status":"NOT_FOUND"}}
[debug] [2025-05-03T14:44:25.564Z] [functions] service account IAM check errored, deploy may fail: Request to https://iam.googleapis.com/v1/projects/ananas-4f5c6/serviceAccounts/ananas-4f5c6@appspot.gserviceaccount.com:testIamPermissions had HTTP Error: 404, Unknown service account {"name":"FirebaseError","children":[],"context":{"body":{"error":{"code":404,"message":"Unknown service account","status":"NOT_FOUND"}},"response":{"statusCode":404}},"exit":1,"message":"Request to https://iam.googleapis.com/v1/projects/ananas-4f5c6/serviceAccounts/ananas-4f5c6@appspot.gserviceaccount.com:testIamPermissions had HTTP Error: 404, Unknown service account","status":404}
[info] 
[info] === Deploying to 'ananas-4f5c6'...
[info] 
[info] i  deploying functions 
[info] Running command: npm --prefix "$RESOURCE_DIR" run lint
[info] Running command: npm --prefix "$RESOURCE_DIR" run build
[info] ✔  functions: Finished running predeploy script. 
[debug] [2025-05-03T14:44:32.091Z] Checked if tokens are valid: true, expires at: 1746285814941
[debug] [2025-05-03T14:44:32.091Z] Checked if tokens are valid: true, expires at: 1746285814941
[debug] [2025-05-03T14:44:32.092Z] >>> [apiv2][query] GET https://cloudresourcemanager.googleapis.com/v1/projects/ananas-4f5c6 [none]
[debug] [2025-05-03T14:44:32.851Z] <<< [apiv2][status] GET https://cloudresourcemanager.googleapis.com/v1/projects/ananas-4f5c6 200
[debug] [2025-05-03T14:44:32.851Z] <<< [apiv2][body] GET https://cloudresourcemanager.googleapis.com/v1/projects/ananas-4f5c6 {"projectNumber":"274428610478","projectId":"ananas-4f5c6","lifecycleState":"ACTIVE","name":"ananas","labels":{"firebase":"enabled"},"createTime":"2024-06-02T16:33:44.552333Z"}
[info] i  functions: preparing codebase default for deployment 
[info] i  functions: ensuring required API cloudfunctions.googleapis.com is enabled... 
[debug] [2025-05-03T14:44:32.853Z] Checked if tokens are valid: true, expires at: 1746285814941
[debug] [2025-05-03T14:44:32.853Z] Checked if tokens are valid: true, expires at: 1746285814941
[debug] [2025-05-03T14:44:32.853Z] Checked if tokens are valid: true, expires at: 1746285814941
[debug] [2025-05-03T14:44:32.853Z] Checked if tokens are valid: true, expires at: 1746285814941
[info] i  functions: ensuring required API cloudbuild.googleapis.com is enabled... 
[debug] [2025-05-03T14:44:32.853Z] Checked if tokens are valid: true, expires at: 1746285814941
[debug] [2025-05-03T14:44:32.853Z] Checked if tokens are valid: true, expires at: 1746285814941
[info] i  artifactregistry: ensuring required API artifactregistry.googleapis.com is enabled... 
[debug] [2025-05-03T14:44:32.853Z] Checked if tokens are valid: true, expires at: 1746285814941
[debug] [2025-05-03T14:44:32.853Z] Checked if tokens are valid: true, expires at: 1746285814941
[debug] [2025-05-03T14:44:32.854Z] >>> [apiv2][query] GET https://serviceusage.googleapis.com/v1/projects/ananas-4f5c6/services/cloudfunctions.googleapis.com [none]
[debug] [2025-05-03T14:44:32.854Z] >>> [apiv2][(partial)header] GET https://serviceusage.googleapis.com/v1/projects/ananas-4f5c6/services/cloudfunctions.googleapis.com x-goog-quota-user=projects/ananas-4f5c6
[debug] [2025-05-03T14:44:32.855Z] >>> [apiv2][query] GET https://serviceusage.googleapis.com/v1/projects/ananas-4f5c6/services/runtimeconfig.googleapis.com [none]
[debug] [2025-05-03T14:44:32.855Z] >>> [apiv2][(partial)header] GET https://serviceusage.googleapis.com/v1/projects/ananas-4f5c6/services/runtimeconfig.googleapis.com x-goog-quota-user=projects/ananas-4f5c6
[debug] [2025-05-03T14:44:32.856Z] >>> [apiv2][query] GET https://serviceusage.googleapis.com/v1/projects/ananas-4f5c6/services/cloudbuild.googleapis.com [none]
[debug] [2025-05-03T14:44:32.856Z] >>> [apiv2][(partial)header] GET https://serviceusage.googleapis.com/v1/projects/ananas-4f5c6/services/cloudbuild.googleapis.com x-goog-quota-user=projects/ananas-4f5c6
[debug] [2025-05-03T14:44:32.857Z] >>> [apiv2][query] GET https://serviceusage.googleapis.com/v1/projects/ananas-4f5c6/services/artifactregistry.googleapis.com [none]
[debug] [2025-05-03T14:44:32.857Z] >>> [apiv2][(partial)header] GET https://serviceusage.googleapis.com/v1/projects/ananas-4f5c6/services/artifactregistry.googleapis.com x-goog-quota-user=projects/ananas-4f5c6
[debug] [2025-05-03T14:44:33.791Z] <<< [apiv2][status] GET https://serviceusage.googleapis.com/v1/projects/ananas-4f5c6/services/cloudfunctions.googleapis.com 200
[debug] [2025-05-03T14:44:33.791Z] <<< [apiv2][body] GET https://serviceusage.googleapis.com/v1/projects/ananas-4f5c6/services/cloudfunctions.googleapis.com [omitted]
[info] ✔  functions: required API cloudfunctions.googleapis.com is enabled 
[debug] [2025-05-03T14:44:33.792Z] <<< [apiv2][status] GET https://serviceusage.googleapis.com/v1/projects/ananas-4f5c6/services/runtimeconfig.googleapis.com 200
[debug] [2025-05-03T14:44:33.792Z] <<< [apiv2][body] GET https://serviceusage.googleapis.com/v1/projects/ananas-4f5c6/services/runtimeconfig.googleapis.com [omitted]
[debug] [2025-05-03T14:44:33.793Z] <<< [apiv2][status] GET https://serviceusage.googleapis.com/v1/projects/ananas-4f5c6/services/artifactregistry.googleapis.com 200
[debug] [2025-05-03T14:44:33.793Z] <<< [apiv2][body] GET https://serviceusage.googleapis.com/v1/projects/ananas-4f5c6/services/artifactregistry.googleapis.com [omitted]
[info] ✔  artifactregistry: required API artifactregistry.googleapis.com is enabled 
[debug] [2025-05-03T14:44:33.794Z] <<< [apiv2][status] GET https://serviceusage.googleapis.com/v1/projects/ananas-4f5c6/services/cloudbuild.googleapis.com 200
[debug] [2025-05-03T14:44:33.794Z] <<< [apiv2][body] GET https://serviceusage.googleapis.com/v1/projects/ananas-4f5c6/services/cloudbuild.googleapis.com [omitted]
[info] ✔  functions: required API cloudbuild.googleapis.com is enabled 
[debug] [2025-05-03T14:44:33.794Z] Checked if tokens are valid: true, expires at: 1746285814941
[debug] [2025-05-03T14:44:33.794Z] Checked if tokens are valid: true, expires at: 1746285814941
[debug] [2025-05-03T14:44:33.794Z] >>> [apiv2][query] GET https://firebase.googleapis.com/v1beta1/projects/ananas-4f5c6/adminSdkConfig [none]
[debug] [2025-05-03T14:44:34.089Z] <<< [apiv2][status] GET https://firebase.googleapis.com/v1beta1/projects/ananas-4f5c6/adminSdkConfig 200
[debug] [2025-05-03T14:44:34.090Z] <<< [apiv2][body] GET https://firebase.googleapis.com/v1beta1/projects/ananas-4f5c6/adminSdkConfig {"projectId":"ananas-4f5c6","storageBucket":"ananas-4f5c6.firebasestorage.app"}
[debug] [2025-05-03T14:44:34.092Z] Checked if tokens are valid: true, expires at: 1746285814941
[debug] [2025-05-03T14:44:34.092Z] Checked if tokens are valid: true, expires at: 1746285814941
[debug] [2025-05-03T14:44:34.092Z] >>> [apiv2][query] GET https://runtimeconfig.googleapis.com/v1beta1/projects/ananas-4f5c6/configs [none]
[debug] [2025-05-03T14:44:34.361Z] <<< [apiv2][status] GET https://runtimeconfig.googleapis.com/v1beta1/projects/ananas-4f5c6/configs 200
[debug] [2025-05-03T14:44:34.361Z] <<< [apiv2][body] GET https://runtimeconfig.googleapis.com/v1beta1/projects/ananas-4f5c6/configs {}
[debug] [2025-05-03T14:44:34.363Z] Validating nodejs source
[debug] [2025-05-03T14:44:34.891Z] > [functions] package.json contents: {
  "name": "functions",
  "scripts": {
    "lint": "eslint --ext .js,.ts .",
    "build": "tsc",
    "build:watch": "tsc --watch",
    "serve": "npm run build && firebase emulators:start --only functions",
    "shell": "npm run build && firebase functions:shell",
    "start": "npm run shell",
    "deploy": "firebase deploy --only functions",
    "logs": "firebase functions:log"
  },
  "engines": {
    "node": "22"
  },
  "main": "lib/index.js",
  "dependencies": {
    "firebase-admin": "^12.6.0",
    "firebase-functions": "^6.0.1"
  },
  "devDependencies": {
    "@typescript-eslint/eslint-plugin": "^5.12.0",
    "@typescript-eslint/parser": "^5.12.0",
    "eslint": "^8.9.0",
    "eslint-config-google": "^0.14.0",
    "eslint-plugin-import": "^2.25.4",
    "firebase-functions-test": "^3.1.0",
    "typescript": "^4.9.0"
  },
  "private": true
}
[debug] [2025-05-03T14:44:34.891Z] Building nodejs source
[info] i  functions: Loading and analyzing source code for codebase default to determine what to deploy 
[debug] [2025-05-03T14:44:34.892Z] Could not find functions.yaml. Must use http discovery
[debug] [2025-05-03T14:44:34.897Z] Found firebase-functions binary at '/Users/nicolasjacquis/Documents/ananas/functions/node_modules/.bin/firebase-functions'
[info] Serving at port 8816

[debug] [2025-05-03T14:44:35.148Z] Got response from /__/functions.yaml {"endpoints":{"helloWorld":{"availableMemoryMb":null,"timeoutSeconds":null,"minInstances":null,"maxInstances":null,"ingressSettings":null,"concurrency":null,"serviceAccountEmail":null,"vpc":null,"platform":"gcfv2","labels":{},"httpsTrigger":{},"entryPoint":"helloWorld"},"onTournamentUpdate":{"availableMemoryMb":null,"timeoutSeconds":null,"minInstances":null,"maxInstances":null,"ingressSettings":null,"concurrency":null,"serviceAccountEmail":null,"vpc":null,"platform":"gcfv2","labels":{},"eventTrigger":{"eventType":"google.cloud.firestore.document.v1.updated","eventFilters":{"database":"(default)","namespace":"(default)"},"eventFilterPathPatterns":{"document":"tournaments/{tournamentId}"},"retry":false},"entryPoint":"onTournamentUpdate"}},"specVersion":"v1alpha1","requiredAPIs":[],"extensions":{}}
[info] i  extensions: ensuring required API firebaseextensions.googleapis.com is enabled... 
[debug] [2025-05-03T14:44:35.159Z] Checked if tokens are valid: true, expires at: 1746285814941
[debug] [2025-05-03T14:44:35.159Z] Checked if tokens are valid: true, expires at: 1746285814941
[debug] [2025-05-03T14:44:35.159Z] >>> [apiv2][query] GET https://serviceusage.googleapis.com/v1/projects/ananas-4f5c6/services/firebaseextensions.googleapis.com [none]
[debug] [2025-05-03T14:44:35.159Z] >>> [apiv2][(partial)header] GET https://serviceusage.googleapis.com/v1/projects/ananas-4f5c6/services/firebaseextensions.googleapis.com x-goog-quota-user=projects/ananas-4f5c6
[debug] [2025-05-03T14:44:35.990Z] <<< [apiv2][status] GET https://serviceusage.googleapis.com/v1/projects/ananas-4f5c6/services/firebaseextensions.googleapis.com 200
[debug] [2025-05-03T14:44:35.990Z] <<< [apiv2][body] GET https://serviceusage.googleapis.com/v1/projects/ananas-4f5c6/services/firebaseextensions.googleapis.com [omitted]
[info] ✔  extensions: required API firebaseextensions.googleapis.com is enabled 
[debug] [2025-05-03T14:44:35.991Z] > command requires scopes: ["email","openid","https://www.googleapis.com/auth/cloudplatformprojects.readonly","https://www.googleapis.com/auth/firebase","https://www.googleapis.com/auth/cloud-platform"]
[debug] [2025-05-03T14:44:35.992Z] > authorizing via signed-in user (nicolas.jacquis@gmail.com)
[debug] [2025-05-03T14:44:35.992Z] [iam] checking project ananas-4f5c6 for permissions ["firebase.projects.get","firebaseextensions.instances.list"]
[debug] [2025-05-03T14:44:35.992Z] Checked if tokens are valid: true, expires at: 1746285814941
[debug] [2025-05-03T14:44:35.992Z] Checked if tokens are valid: true, expires at: 1746285814941
[debug] [2025-05-03T14:44:35.992Z] >>> [apiv2][query] POST https://cloudresourcemanager.googleapis.com/v1/projects/ananas-4f5c6:testIamPermissions [none]
[debug] [2025-05-03T14:44:35.993Z] >>> [apiv2][(partial)header] POST https://cloudresourcemanager.googleapis.com/v1/projects/ananas-4f5c6:testIamPermissions x-goog-quota-user=projects/ananas-4f5c6
[debug] [2025-05-03T14:44:35.993Z] >>> [apiv2][body] POST https://cloudresourcemanager.googleapis.com/v1/projects/ananas-4f5c6:testIamPermissions {"permissions":["firebase.projects.get","firebaseextensions.instances.list"]}
[debug] [2025-05-03T14:44:36.601Z] <<< [apiv2][status] POST https://cloudresourcemanager.googleapis.com/v1/projects/ananas-4f5c6:testIamPermissions 200
[debug] [2025-05-03T14:44:36.601Z] <<< [apiv2][body] POST https://cloudresourcemanager.googleapis.com/v1/projects/ananas-4f5c6:testIamPermissions {"permissions":["firebase.projects.get","firebaseextensions.instances.list"]}
[debug] [2025-05-03T14:44:36.602Z] Checked if tokens are valid: true, expires at: 1746285814941
[debug] [2025-05-03T14:44:36.602Z] Checked if tokens are valid: true, expires at: 1746285814941
[debug] [2025-05-03T14:44:36.603Z] >>> [apiv2][query] GET https://firebaseextensions.googleapis.com/v1beta/projects/ananas-4f5c6/instances pageSize=100&pageToken=
[debug] [2025-05-03T14:44:37.349Z] <<< [apiv2][status] GET https://firebaseextensions.googleapis.com/v1beta/projects/ananas-4f5c6/instances 200
[debug] [2025-05-03T14:44:37.350Z] <<< [apiv2][body] GET https://firebaseextensions.googleapis.com/v1beta/projects/ananas-4f5c6/instances {}
[info] i  functions: preparing functions directory for uploading... 
[info] i  functions: packaged /Users/nicolasjacquis/Documents/ananas/functions (87.77 KB) for uploading 
[debug] [2025-05-03T14:44:37.395Z] Checked if tokens are valid: true, expires at: 1746285814941
[debug] [2025-05-03T14:44:37.396Z] Checked if tokens are valid: true, expires at: 1746285814941
[debug] [2025-05-03T14:44:37.396Z] >>> [apiv2][query] GET https://cloudfunctions.googleapis.com/v1/projects/ananas-4f5c6/locations/-/functions [none]
[debug] [2025-05-03T14:44:38.081Z] <<< [apiv2][status] GET https://cloudfunctions.googleapis.com/v1/projects/ananas-4f5c6/locations/-/functions 200
[debug] [2025-05-03T14:44:38.082Z] <<< [apiv2][body] GET https://cloudfunctions.googleapis.com/v1/projects/ananas-4f5c6/locations/-/functions {}
[debug] [2025-05-03T14:44:38.082Z] Checked if tokens are valid: true, expires at: 1746285814941
[debug] [2025-05-03T14:44:38.082Z] Checked if tokens are valid: true, expires at: 1746285814941
[debug] [2025-05-03T14:44:38.083Z] >>> [apiv2][query] GET https://cloudfunctions.googleapis.com/v2/projects/ananas-4f5c6/locations/-/functions filter=environment%3D%22GEN_2%22
[debug] [2025-05-03T14:44:39.208Z] <<< [apiv2][status] GET https://cloudfunctions.googleapis.com/v2/projects/ananas-4f5c6/locations/-/functions 200
[debug] [2025-05-03T14:44:39.208Z] <<< [apiv2][body] GET https://cloudfunctions.googleapis.com/v2/projects/ananas-4f5c6/locations/-/functions {"functions":[{"name":"projects/ananas-4f5c6/locations/us-central1/functions/helloWorld","buildConfig":{"build":"projects/274428610478/locations/us-central1/builds/8c880c27-65cd-4072-a16d-fe0abd51870b","runtime":"nodejs22","entryPoint":"helloWorld","source":{"storageSource":{"bucket":"gcf-v2-sources-274428610478-us-central1","object":"helloWorld/function-source.zip","generation":"1746282775214412"}},"environmentVariables":{"GOOGLE_NODE_RUN_SCRIPTS":""},"dockerRepository":"projects/ananas-4f5c6/locations/us-central1/repositories/gcf-artifacts","sourceProvenance":{"resolvedStorageSource":{"bucket":"gcf-v2-sources-274428610478-us-central1","object":"helloWorld/function-source.zip","generation":"1746282775214412"}},"dockerRegistry":"ARTIFACT_REGISTRY","serviceAccount":"projects/ananas-4f5c6/serviceAccounts/274428610478-compute@developer.gserviceaccount.com","automaticUpdatePolicy":{}},"serviceConfig":{"service":"projects/ananas-4f5c6/locations/us-central1/services/helloworld","timeoutSeconds":60,"environmentVariables":{"FIREBASE_CONFIG":"{\"projectId\":\"ananas-4f5c6\",\"storageBucket\":\"ananas-4f5c6.firebasestorage.app\"}","GCLOUD_PROJECT":"ananas-4f5c6","EVENTARC_CLOUD_EVENT_SOURCE":"projects/ananas-4f5c6/locations/us-central1/services/helloWorld","FUNCTION_TARGET":"helloWorld","LOG_EXECUTION_ID":"true"},"maxInstanceCount":40,"ingressSettings":"ALLOW_ALL","uri":"https://helloworld-pfduqczu3q-uc.a.run.app","serviceAccountEmail":"274428610478-compute@developer.gserviceaccount.com","availableMemory":"256Mi","allTrafficOnLatestRevision":true,"revision":"helloworld-00001-tev","maxInstanceRequestConcurrency":80,"availableCpu":"1"},"state":"ACTIVE","updateTime":"2025-05-03T14:36:10.496979046Z","labels":{"firebase-functions-hash":"e247dbd0a1f3b33471cff9ab59a515a53fc1b090","deployment-tool":"cli-firebase"},"environment":"GEN_2","url":"https://us-central1-ananas-4f5c6.cloudfunctions.net/helloWorld","createTime":"2025-05-03T14:32:55.557394942Z","satisfiesPzi":true}]}
[debug] [2025-05-03T14:44:39.211Z] Checked if tokens are valid: true, expires at: 1746285814941
[debug] [2025-05-03T14:44:39.211Z] Checked if tokens are valid: true, expires at: 1746285814941
[debug] [2025-05-03T14:44:39.212Z] >>> [apiv2][query] GET https://firestore.googleapis.com/v1/projects/ananas-4f5c6/databases/(default) [none]
[debug] [2025-05-03T14:44:39.418Z] <<< [apiv2][status] GET https://firestore.googleapis.com/v1/projects/ananas-4f5c6/databases/(default) 200
[debug] [2025-05-03T14:44:39.419Z] <<< [apiv2][body] GET https://firestore.googleapis.com/v1/projects/ananas-4f5c6/databases/(default) {"name":"projects/ananas-4f5c6/databases/(default)","uid":"9dc87dee-ebad-4533-a1e7-48b02ba166bd","createTime":"2024-06-03T07:59:26.241454Z","updateTime":"2024-06-03T07:59:26.241454Z","locationId":"europe-west2","type":"FIRESTORE_NATIVE","concurrencyMode":"PESSIMISTIC","versionRetentionPeriod":"3600s","earliestVersionTime":"2025-05-03T13:44:39.470003Z","appEngineIntegrationMode":"DISABLED","keyPrefix":"g","pointInTimeRecoveryEnablement":"POINT_IN_TIME_RECOVERY_DISABLED","deleteProtectionState":"DELETE_PROTECTION_DISABLED","databaseEdition":"STANDARD","freeTier":true,"etag":"IN+a4vPEh40DMLLZ6dHPqIwD"}
[info] i  functions: ensuring required API run.googleapis.com is enabled... 
[debug] [2025-05-03T14:44:39.421Z] Checked if tokens are valid: true, expires at: 1746285814941
[debug] [2025-05-03T14:44:39.421Z] Checked if tokens are valid: true, expires at: 1746285814941
[info] i  functions: ensuring required API eventarc.googleapis.com is enabled... 
[debug] [2025-05-03T14:44:39.421Z] Checked if tokens are valid: true, expires at: 1746285814941
[debug] [2025-05-03T14:44:39.421Z] Checked if tokens are valid: true, expires at: 1746285814941
[info] i  functions: ensuring required API pubsub.googleapis.com is enabled... 
[debug] [2025-05-03T14:44:39.422Z] Checked if tokens are valid: true, expires at: 1746285814941
[debug] [2025-05-03T14:44:39.422Z] Checked if tokens are valid: true, expires at: 1746285814941
[info] i  functions: ensuring required API storage.googleapis.com is enabled... 
[debug] [2025-05-03T14:44:39.422Z] Checked if tokens are valid: true, expires at: 1746285814941
[debug] [2025-05-03T14:44:39.422Z] Checked if tokens are valid: true, expires at: 1746285814941
[debug] [2025-05-03T14:44:39.422Z] >>> [apiv2][query] GET https://serviceusage.googleapis.com/v1/projects/ananas-4f5c6/services/run.googleapis.com [none]
[debug] [2025-05-03T14:44:39.422Z] >>> [apiv2][(partial)header] GET https://serviceusage.googleapis.com/v1/projects/ananas-4f5c6/services/run.googleapis.com x-goog-quota-user=projects/ananas-4f5c6
[debug] [2025-05-03T14:44:39.424Z] >>> [apiv2][query] GET https://serviceusage.googleapis.com/v1/projects/ananas-4f5c6/services/eventarc.googleapis.com [none]
[debug] [2025-05-03T14:44:39.424Z] >>> [apiv2][(partial)header] GET https://serviceusage.googleapis.com/v1/projects/ananas-4f5c6/services/eventarc.googleapis.com x-goog-quota-user=projects/ananas-4f5c6
[debug] [2025-05-03T14:44:39.425Z] >>> [apiv2][query] GET https://serviceusage.googleapis.com/v1/projects/ananas-4f5c6/services/pubsub.googleapis.com [none]
[debug] [2025-05-03T14:44:39.425Z] >>> [apiv2][(partial)header] GET https://serviceusage.googleapis.com/v1/projects/ananas-4f5c6/services/pubsub.googleapis.com x-goog-quota-user=projects/ananas-4f5c6
[debug] [2025-05-03T14:44:39.426Z] >>> [apiv2][query] GET https://serviceusage.googleapis.com/v1/projects/ananas-4f5c6/services/storage.googleapis.com [none]
[debug] [2025-05-03T14:44:39.426Z] >>> [apiv2][(partial)header] GET https://serviceusage.googleapis.com/v1/projects/ananas-4f5c6/services/storage.googleapis.com x-goog-quota-user=projects/ananas-4f5c6
[debug] [2025-05-03T14:44:40.334Z] <<< [apiv2][status] GET https://serviceusage.googleapis.com/v1/projects/ananas-4f5c6/services/eventarc.googleapis.com 200
[debug] [2025-05-03T14:44:40.334Z] <<< [apiv2][body] GET https://serviceusage.googleapis.com/v1/projects/ananas-4f5c6/services/eventarc.googleapis.com [omitted]
[info] ✔  functions: required API eventarc.googleapis.com is enabled 
[debug] [2025-05-03T14:44:40.335Z] <<< [apiv2][status] GET https://serviceusage.googleapis.com/v1/projects/ananas-4f5c6/services/pubsub.googleapis.com 200
[debug] [2025-05-03T14:44:40.335Z] <<< [apiv2][body] GET https://serviceusage.googleapis.com/v1/projects/ananas-4f5c6/services/pubsub.googleapis.com [omitted]
[info] ✔  functions: required API pubsub.googleapis.com is enabled 
[debug] [2025-05-03T14:44:40.335Z] <<< [apiv2][status] GET https://serviceusage.googleapis.com/v1/projects/ananas-4f5c6/services/storage.googleapis.com 200
[debug] [2025-05-03T14:44:40.335Z] <<< [apiv2][body] GET https://serviceusage.googleapis.com/v1/projects/ananas-4f5c6/services/storage.googleapis.com [omitted]
[info] ✔  functions: required API storage.googleapis.com is enabled 
[debug] [2025-05-03T14:44:40.335Z] <<< [apiv2][status] GET https://serviceusage.googleapis.com/v1/projects/ananas-4f5c6/services/run.googleapis.com 200
[debug] [2025-05-03T14:44:40.335Z] <<< [apiv2][body] GET https://serviceusage.googleapis.com/v1/projects/ananas-4f5c6/services/run.googleapis.com [omitted]
[info] ✔  functions: required API run.googleapis.com is enabled 
[info] i  functions: generating the service identity for pubsub.googleapis.com... 
[debug] [2025-05-03T14:44:40.336Z] Checked if tokens are valid: true, expires at: 1746285814941
[debug] [2025-05-03T14:44:40.336Z] Checked if tokens are valid: true, expires at: 1746285814941
[info] i  functions: generating the service identity for eventarc.googleapis.com... 
[debug] [2025-05-03T14:44:40.336Z] Checked if tokens are valid: true, expires at: 1746285814941
[debug] [2025-05-03T14:44:40.336Z] Checked if tokens are valid: true, expires at: 1746285814941
[debug] [2025-05-03T14:44:40.336Z] >>> [apiv2][query] POST https://serviceusage.googleapis.com/v1beta1/projects/274428610478/services/pubsub.googleapis.com:generateServiceIdentity [none]
[debug] [2025-05-03T14:44:40.337Z] >>> [apiv2][query] POST https://serviceusage.googleapis.com/v1beta1/projects/274428610478/services/eventarc.googleapis.com:generateServiceIdentity [none]
[debug] [2025-05-03T14:44:41.178Z] <<< [apiv2][status] POST https://serviceusage.googleapis.com/v1beta1/projects/274428610478/services/pubsub.googleapis.com:generateServiceIdentity 200
[debug] [2025-05-03T14:44:41.178Z] <<< [apiv2][body] POST https://serviceusage.googleapis.com/v1beta1/projects/274428610478/services/pubsub.googleapis.com:generateServiceIdentity {"name":"operations/finished.DONE_OPERATION","done":true,"response":{"@type":"type.googleapis.com/google.api.serviceusage.v1beta1.ServiceIdentity","email":"service-274428610478@gcp-sa-pubsub.iam.gserviceaccount.com","uniqueId":"109029801565157591176"}}
[debug] [2025-05-03T14:44:41.181Z] <<< [apiv2][status] POST https://serviceusage.googleapis.com/v1beta1/projects/274428610478/services/eventarc.googleapis.com:generateServiceIdentity 200
[debug] [2025-05-03T14:44:41.181Z] <<< [apiv2][body] POST https://serviceusage.googleapis.com/v1beta1/projects/274428610478/services/eventarc.googleapis.com:generateServiceIdentity {"name":"operations/finished.DONE_OPERATION","done":true,"response":{"@type":"type.googleapis.com/google.api.serviceusage.v1beta1.ServiceIdentity","email":"service-274428610478@gcp-sa-eventarc.iam.gserviceaccount.com","uniqueId":"116590749390972129306"}}
[debug] [2025-05-03T14:44:41.183Z] Checked if tokens are valid: true, expires at: 1746285814941
[debug] [2025-05-03T14:44:41.183Z] Checked if tokens are valid: true, expires at: 1746285814941
[debug] [2025-05-03T14:44:41.183Z] >>> [apiv2][query] POST https://cloudresourcemanager.googleapis.com/v1/projects/274428610478:getIamPolicy [none]
[debug] [2025-05-03T14:44:41.933Z] <<< [apiv2][status] POST https://cloudresourcemanager.googleapis.com/v1/projects/274428610478:getIamPolicy 200
[debug] [2025-05-03T14:44:41.933Z] <<< [apiv2][body] POST https://cloudresourcemanager.googleapis.com/v1/projects/274428610478:getIamPolicy {"version":1,"etag":"BwY0PCiQ1u0=","bindings":[{"role":"roles/artifactregistry.serviceAgent","members":["serviceAccount:service-274428610478@gcp-sa-artifactregistry.iam.gserviceaccount.com"]},{"role":"roles/cloudbuild.builds.builder","members":["serviceAccount:274428610478@cloudbuild.gserviceaccount.com"]},{"role":"roles/cloudbuild.serviceAgent","members":["serviceAccount:service-274428610478@gcp-sa-cloudbuild.iam.gserviceaccount.com"]},{"role":"roles/cloudfunctions.admin","members":["serviceAccount:firebase-adminsdk-qwfyp@ananas-4f5c6.iam.gserviceaccount.com"]},{"role":"roles/cloudfunctions.serviceAgent","members":["serviceAccount:service-274428610478@gcf-admin-robot.iam.gserviceaccount.com"]},{"role":"roles/containerregistry.ServiceAgent","members":["serviceAccount:service-274428610478@containerregistry.iam.gserviceaccount.com"]},{"role":"roles/editor","members":["serviceAccount:274428610478-compute@developer.gserviceaccount.com","serviceAccount:274428610478@cloudservices.gserviceaccount.com"]},{"role":"roles/firebase.managementServiceAgent","members":["serviceAccount:firebase-service-account@firebase-sa-management.iam.gserviceaccount.com","serviceAccount:service-274428610478@gcp-sa-firebase.iam.gserviceaccount.com"]},{"role":"roles/firebase.sdkAdminServiceAgent","members":["serviceAccount:firebase-adminsdk-qwfyp@ananas-4f5c6.iam.gserviceaccount.com"]},{"role":"roles/firebaseauth.admin","members":["serviceAccount:firebase-adminsdk-qwfyp@ananas-4f5c6.iam.gserviceaccount.com"]},{"role":"roles/firebasemods.serviceAgent","members":["serviceAccount:service-274428610478@gcp-sa-firebasemods.iam.gserviceaccount.com"]},{"role":"roles/firebaserules.system","members":["serviceAccount:service-274428610478@firebase-rules.iam.gserviceaccount.com"]},{"role":"roles/firestore.serviceAgent","members":["serviceAccount:service-274428610478@gcp-sa-firestore.iam.gserviceaccount.com"]},{"role":"roles/iam.serviceAccountTokenCreator","members":["serviceAccount:firebase-adminsdk-qwfyp@ananas-4f5c6.iam.gserviceaccount.com"]},{"role":"roles/owner","members":["user:nicolas.jacquis@gmail.com"]},{"role":"roles/run.serviceAgent","members":["serviceAccount:service-274428610478@serverless-robot-prod.iam.gserviceaccount.com"]}]}
[debug] [2025-05-03T14:44:41.934Z] Checked if tokens are valid: true, expires at: 1746285814941
[debug] [2025-05-03T14:44:41.934Z] Checked if tokens are valid: true, expires at: 1746285814941
[debug] [2025-05-03T14:44:41.935Z] >>> [apiv2][query] POST https://cloudresourcemanager.googleapis.com/v1/projects/274428610478:setIamPolicy [none]
[debug] [2025-05-03T14:44:41.935Z] >>> [apiv2][body] POST https://cloudresourcemanager.googleapis.com/v1/projects/274428610478:setIamPolicy {"policy":{"version":1,"etag":"BwY0PCiQ1u0=","bindings":[{"role":"roles/artifactregistry.serviceAgent","members":["serviceAccount:service-274428610478@gcp-sa-artifactregistry.iam.gserviceaccount.com"]},{"role":"roles/cloudbuild.builds.builder","members":["serviceAccount:274428610478@cloudbuild.gserviceaccount.com"]},{"role":"roles/cloudbuild.serviceAgent","members":["serviceAccount:service-274428610478@gcp-sa-cloudbuild.iam.gserviceaccount.com"]},{"role":"roles/cloudfunctions.admin","members":["serviceAccount:firebase-adminsdk-qwfyp@ananas-4f5c6.iam.gserviceaccount.com"]},{"role":"roles/cloudfunctions.serviceAgent","members":["serviceAccount:service-274428610478@gcf-admin-robot.iam.gserviceaccount.com"]},{"role":"roles/containerregistry.ServiceAgent","members":["serviceAccount:service-274428610478@containerregistry.iam.gserviceaccount.com"]},{"role":"roles/editor","members":["serviceAccount:274428610478-compute@developer.gserviceaccount.com","serviceAccount:274428610478@cloudservices.gserviceaccount.com"]},{"role":"roles/firebase.managementServiceAgent","members":["serviceAccount:firebase-service-account@firebase-sa-management.iam.gserviceaccount.com","serviceAccount:service-274428610478@gcp-sa-firebase.iam.gserviceaccount.com"]},{"role":"roles/firebase.sdkAdminServiceAgent","members":["serviceAccount:firebase-adminsdk-qwfyp@ananas-4f5c6.iam.gserviceaccount.com"]},{"role":"roles/firebaseauth.admin","members":["serviceAccount:firebase-adminsdk-qwfyp@ananas-4f5c6.iam.gserviceaccount.com"]},{"role":"roles/firebasemods.serviceAgent","members":["serviceAccount:service-274428610478@gcp-sa-firebasemods.iam.gserviceaccount.com"]},{"role":"roles/firebaserules.system","members":["serviceAccount:service-274428610478@firebase-rules.iam.gserviceaccount.com"]},{"role":"roles/firestore.serviceAgent","members":["serviceAccount:service-274428610478@gcp-sa-firestore.iam.gserviceaccount.com"]},{"role":"roles/iam.serviceAccountTokenCreator","members":["serviceAccount:firebase-adminsdk-qwfyp@ananas-4f5c6.iam.gserviceaccount.com","serviceAccount:service-274428610478@gcp-sa-pubsub.iam.gserviceaccount.com"]},{"role":"roles/owner","members":["user:nicolas.jacquis@gmail.com"]},{"role":"roles/run.serviceAgent","members":["serviceAccount:service-274428610478@serverless-robot-prod.iam.gserviceaccount.com"]},{"role":"roles/run.invoker","members":["serviceAccount:274428610478-compute@developer.gserviceaccount.com"]},{"role":"roles/eventarc.eventReceiver","members":["serviceAccount:274428610478-compute@developer.gserviceaccount.com"]}]},"updateMask":"bindings"}
[debug] [2025-05-03T14:44:43.614Z] <<< [apiv2][status] POST https://cloudresourcemanager.googleapis.com/v1/projects/274428610478:setIamPolicy 200
[debug] [2025-05-03T14:44:43.614Z] <<< [apiv2][body] POST https://cloudresourcemanager.googleapis.com/v1/projects/274428610478:setIamPolicy {"version":1,"etag":"BwY0PE63EXY=","bindings":[{"role":"roles/artifactregistry.serviceAgent","members":["serviceAccount:service-274428610478@gcp-sa-artifactregistry.iam.gserviceaccount.com"]},{"role":"roles/cloudbuild.builds.builder","members":["serviceAccount:274428610478@cloudbuild.gserviceaccount.com"]},{"role":"roles/cloudbuild.serviceAgent","members":["serviceAccount:service-274428610478@gcp-sa-cloudbuild.iam.gserviceaccount.com"]},{"role":"roles/cloudfunctions.admin","members":["serviceAccount:firebase-adminsdk-qwfyp@ananas-4f5c6.iam.gserviceaccount.com"]},{"role":"roles/cloudfunctions.serviceAgent","members":["serviceAccount:service-274428610478@gcf-admin-robot.iam.gserviceaccount.com"]},{"role":"roles/containerregistry.ServiceAgent","members":["serviceAccount:service-274428610478@containerregistry.iam.gserviceaccount.com"]},{"role":"roles/editor","members":["serviceAccount:274428610478-compute@developer.gserviceaccount.com","serviceAccount:274428610478@cloudservices.gserviceaccount.com"]},{"role":"roles/eventarc.eventReceiver","members":["serviceAccount:274428610478-compute@developer.gserviceaccount.com"]},{"role":"roles/firebase.managementServiceAgent","members":["serviceAccount:firebase-service-account@firebase-sa-management.iam.gserviceaccount.com","serviceAccount:service-274428610478@gcp-sa-firebase.iam.gserviceaccount.com"]},{"role":"roles/firebase.sdkAdminServiceAgent","members":["serviceAccount:firebase-adminsdk-qwfyp@ananas-4f5c6.iam.gserviceaccount.com"]},{"role":"roles/firebaseauth.admin","members":["serviceAccount:firebase-adminsdk-qwfyp@ananas-4f5c6.iam.gserviceaccount.com"]},{"role":"roles/firebasemods.serviceAgent","members":["serviceAccount:service-274428610478@gcp-sa-firebasemods.iam.gserviceaccount.com"]},{"role":"roles/firebaserules.system","members":["serviceAccount:service-274428610478@firebase-rules.iam.gserviceaccount.com"]},{"role":"roles/firestore.serviceAgent","members":["serviceAccount:service-274428610478@gcp-sa-firestore.iam.gserviceaccount.com"]},{"role":"roles/iam.serviceAccountTokenCreator","members":["serviceAccount:firebase-adminsdk-qwfyp@ananas-4f5c6.iam.gserviceaccount.com","serviceAccount:service-274428610478@gcp-sa-pubsub.iam.gserviceaccount.com"]},{"role":"roles/owner","members":["user:nicolas.jacquis@gmail.com"]},{"role":"roles/run.invoker","members":["serviceAccount:274428610478-compute@developer.gserviceaccount.com"]},{"role":"roles/run.serviceAgent","members":["serviceAccount:service-274428610478@serverless-robot-prod.iam.gserviceaccount.com"]}]}
[debug] [2025-05-03T14:44:43.615Z] Checked if tokens are valid: true, expires at: 1746285814941
[debug] [2025-05-03T14:44:43.615Z] Checked if tokens are valid: true, expires at: 1746285814941
[debug] [2025-05-03T14:44:43.616Z] >>> [apiv2][query] GET https://cloudresourcemanager.googleapis.com/v1/projects/ananas-4f5c6 [none]
[debug] [2025-05-03T14:44:44.353Z] <<< [apiv2][status] GET https://cloudresourcemanager.googleapis.com/v1/projects/ananas-4f5c6 200
[debug] [2025-05-03T14:44:44.353Z] <<< [apiv2][body] GET https://cloudresourcemanager.googleapis.com/v1/projects/ananas-4f5c6 {"projectNumber":"274428610478","projectId":"ananas-4f5c6","lifecycleState":"ACTIVE","name":"ananas","labels":{"firebase":"enabled"},"createTime":"2024-06-02T16:33:44.552333Z"}
[debug] [2025-05-03T14:44:44.355Z] Checked if tokens are valid: true, expires at: 1746285814941
[debug] [2025-05-03T14:44:44.355Z] Checked if tokens are valid: true, expires at: 1746285814941
[debug] [2025-05-03T14:44:44.355Z] >>> [apiv2][query] GET https://cloudbilling.googleapis.com/v1/projects/ananas-4f5c6/billingInfo [none]
[debug] [2025-05-03T14:44:44.603Z] <<< [apiv2][status] GET https://cloudbilling.googleapis.com/v1/projects/ananas-4f5c6/billingInfo 200
[debug] [2025-05-03T14:44:44.603Z] <<< [apiv2][body] GET https://cloudbilling.googleapis.com/v1/projects/ananas-4f5c6/billingInfo {"name":"projects/ananas-4f5c6/billingInfo","projectId":"ananas-4f5c6","billingAccountName":"billingAccounts/01F913-90AA10-9292BB","billingEnabled":true}
[debug] [2025-05-03T14:44:44.605Z] Checked if tokens are valid: true, expires at: 1746285814941
[debug] [2025-05-03T14:44:44.606Z] Checked if tokens are valid: true, expires at: 1746285814941
[debug] [2025-05-03T14:44:44.606Z] >>> [apiv2][query] POST https://cloudfunctions.googleapis.com/v2/projects/ananas-4f5c6/locations/us-central1/functions:generateUploadUrl [none]
[debug] [2025-05-03T14:44:45.371Z] <<< [apiv2][status] POST https://cloudfunctions.googleapis.com/v2/projects/ananas-4f5c6/locations/us-central1/functions:generateUploadUrl 200
[debug] [2025-05-03T14:44:45.371Z] <<< [apiv2][body] POST https://cloudfunctions.googleapis.com/v2/projects/ananas-4f5c6/locations/us-central1/functions:generateUploadUrl {"uploadUrl":"https://storage.googleapis.com/gcf-v2-uploads-274428610478.us-central1.cloudfunctions.appspot.com/0c01cf95-6311-4f26-ab97-1d42750d6e09.zip?GoogleAccessId=service-274428610478@gcf-admin-robot.iam.gserviceaccount.com&Expires=1746285285&Signature=ZSb4XvAtj5lr9fbwT9OI0Epg6nyiE3I5IYDbdpHJYGq%2BNwrpFHbJOgMFix747QnDvstXLNPT%2BPSz638RZyUvfpjpB4PyUYQmlEHBJ9Nwje%2BZg6FTpt9DzZJ0SPftc3dPJPrCrAoxmyYAo7CGQPI27YD%2Fljm69w9xG8T6X6cZ1bjsMmLllo7nZ4XTyZFrXvDFwCIIVDnr6%2Bcr4JdF6TIr8disUt7PiqvIrNpw6AOpD%2BYcP7q0qdfR5qzN7CGQgC9SJ1uMgfkSwGdZ%2FN14iGfsd14ijQ1%2F8%2B7BYSWfFLdqGy4qnlfJiY%2Ffjl833Ch0oVzhge4OuxL%2BvRtXWtqykZPfsg%3D%3D","storageSource":{"bucket":"gcf-v2-uploads-274428610478.us-central1.cloudfunctions.appspot.com","object":"0c01cf95-6311-4f26-ab97-1d42750d6e09.zip"}}
[debug] [2025-05-03T14:44:45.372Z] >>> [apiv2][query] PUT https://storage.googleapis.com/gcf-v2-uploads-274428610478.us-central1.cloudfunctions.appspot.com/0c01cf95-6311-4f26-ab97-1d42750d6e09.zip GoogleAccessId=service-274428610478%40gcf-admin-robot.iam.gserviceaccount.com&Expires=1746285285&Signature=ZSb4XvAtj5lr9fbwT9OI0Epg6nyiE3I5IYDbdpHJYGq%2BNwrpFHbJOgMFix747QnDvstXLNPT%2BPSz638RZyUvfpjpB4PyUYQmlEHBJ9Nwje%2BZg6FTpt9DzZJ0SPftc3dPJPrCrAoxmyYAo7CGQPI27YD%2Fljm69w9xG8T6X6cZ1bjsMmLllo7nZ4XTyZFrXvDFwCIIVDnr6%2Bcr4JdF6TIr8disUt7PiqvIrNpw6AOpD%2BYcP7q0qdfR5qzN7CGQgC9SJ1uMgfkSwGdZ%2FN14iGfsd14ijQ1%2F8%2B7BYSWfFLdqGy4qnlfJiY%2Ffjl833Ch0oVzhge4OuxL%2BvRtXWtqykZPfsg%3D%3D
[debug] [2025-05-03T14:44:45.372Z] >>> [apiv2][body] PUT https://storage.googleapis.com/gcf-v2-uploads-274428610478.us-central1.cloudfunctions.appspot.com/0c01cf95-6311-4f26-ab97-1d42750d6e09.zip [stream]
[debug] [2025-05-03T14:44:45.846Z] <<< [apiv2][status] PUT https://storage.googleapis.com/gcf-v2-uploads-274428610478.us-central1.cloudfunctions.appspot.com/0c01cf95-6311-4f26-ab97-1d42750d6e09.zip 200
[debug] [2025-05-03T14:44:45.846Z] <<< [apiv2][body] PUT https://storage.googleapis.com/gcf-v2-uploads-274428610478.us-central1.cloudfunctions.appspot.com/0c01cf95-6311-4f26-ab97-1d42750d6e09.zip [omitted]
[info] ✔  functions: functions folder uploaded successfully 
[info] i  functions: creating Node.js 22 (2nd Gen) function onTournamentUpdate(us-central1)... 
[info] i  functions: updating Node.js 22 (2nd Gen) function helloWorld(us-central1)... 
[debug] [2025-05-03T14:44:45.854Z] Checked if tokens are valid: true, expires at: 1746285814941
[debug] [2025-05-03T14:44:45.854Z] Checked if tokens are valid: true, expires at: 1746285814941
[debug] [2025-05-03T14:44:45.854Z] >>> [apiv2][query] POST https://cloudfunctions.googleapis.com/v2/projects/ananas-4f5c6/locations/us-central1/functions functionId=onTournamentUpdate
[debug] [2025-05-03T14:44:45.854Z] >>> [apiv2][body] POST https://cloudfunctions.googleapis.com/v2/projects/ananas-4f5c6/locations/us-central1/functions {"name":"projects/ananas-4f5c6/locations/us-central1/functions/onTournamentUpdate","buildConfig":{"runtime":"nodejs22","entryPoint":"onTournamentUpdate","source":{"storageSource":{"bucket":"gcf-v2-uploads-274428610478.us-central1.cloudfunctions.appspot.com","object":"0c01cf95-6311-4f26-ab97-1d42750d6e09.zip"}},"environmentVariables":{"GOOGLE_NODE_RUN_SCRIPTS":""}},"serviceConfig":{"environmentVariables":{"FIREBASE_CONFIG":"{\"projectId\":\"ananas-4f5c6\",\"storageBucket\":\"ananas-4f5c6.firebasestorage.app\"}","GCLOUD_PROJECT":"ananas-4f5c6","EVENTARC_CLOUD_EVENT_SOURCE":"projects/ananas-4f5c6/locations/us-central1/services/onTournamentUpdate","FUNCTION_SIGNATURE_TYPE":"cloudevent","FUNCTION_TARGET":"onTournamentUpdate","LOG_EXECUTION_ID":"true"},"ingressSettings":null,"timeoutSeconds":null,"serviceAccountEmail":null,"availableMemory":"256Mi","minInstanceCount":null,"maxInstanceCount":null,"maxInstanceRequestConcurrency":80,"availableCpu":"1","vpcConnector":null,"vpcConnectorEgressSettings":null},"labels":{"deployment-tool":"cli-firebase","firebase-functions-hash":"a29166d17fe37ae8a9ce99ad85620a53ecf0b1e2"},"eventTrigger":{"eventType":"google.cloud.firestore.document.v1.updated","retryPolicy":"RETRY_POLICY_DO_NOT_RETRY","eventFilters":[{"attribute":"database","value":"(default)"},{"attribute":"namespace","value":"(default)"},{"attribute":"document","value":"tournaments/{tournamentId}","operator":"match-path-pattern"}],"triggerRegion":"europe-west2"}}
[debug] [2025-05-03T14:45:03.405Z] <<< [apiv2][status] POST https://cloudfunctions.googleapis.com/v2/projects/ananas-4f5c6/locations/us-central1/functions 400
[debug] [2025-05-03T14:45:03.406Z] <<< [apiv2][body] POST https://cloudfunctions.googleapis.com/v2/projects/ananas-4f5c6/locations/us-central1/functions {"error":{"code":400,"message":"Validation failed for trigger projects/ananas-4f5c6/locations/europe-west2/triggers/ontournamentupdate-507289: Invalid resource state for \"\": Permission denied while using the Eventarc Service Agent. If you recently started to use Eventarc, it may take a few minutes before all necessary permissions are propagated to the Service Agent. Otherwise, verify that it has Eventarc Service Agent role.","status":"FAILED_PRECONDITION"}}
[warn] ⚠  functions: Request to https://cloudfunctions.googleapis.com/v2/projects/ananas-4f5c6/locations/us-central1/functions?functionId=onTournamentUpdate had HTTP Error: 400, Validation failed for trigger projects/ananas-4f5c6/locations/europe-west2/triggers/ontournamentupdate-507289: Invalid resource state for "": Permission denied while using the Eventarc Service Agent. If you recently started to use Eventarc, it may take a few minutes before all necessary permissions are propagated to the Service Agent. Otherwise, verify that it has Eventarc Service Agent role. 
[warn] ⚠  functions: Since this is your first time using 2nd gen functions, we need a little bit longer to finish setting everything up. Retry the deployment in a few minutes. 
[warn] ⚠  functions:  failed to create function projects/ananas-4f5c6/locations/us-central1/functions/onTournamentUpdate 
[error] Failed to create function projects/ananas-4f5c6/locations/us-central1/functions/onTournamentUpdate
[debug] [2025-05-03T14:45:03.412Z] Checked if tokens are valid: true, expires at: 1746285814941
[debug] [2025-05-03T14:45:03.412Z] Checked if tokens are valid: true, expires at: 1746285814941
[debug] [2025-05-03T14:45:03.412Z] >>> [apiv2][query] PATCH https://cloudfunctions.googleapis.com/v2/projects/ananas-4f5c6/locations/us-central1/functions/helloWorld updateMask=name%2CbuildConfig.runtime%2CbuildConfig.entryPoint%2CbuildConfig.source.storageSource.bucket%2CbuildConfig.source.storageSource.object%2CbuildConfig.environmentVariables%2CbuildConfig.sourceToken%2CserviceConfig.environmentVariables%2CserviceConfig.ingressSettings%2CserviceConfig.timeoutSeconds%2CserviceConfig.serviceAccountEmail%2CserviceConfig.availableMemory%2CserviceConfig.minInstanceCount%2CserviceConfig.maxInstanceCount%2CserviceConfig.maxInstanceRequestConcurrency%2CserviceConfig.availableCpu%2CserviceConfig.vpcConnector%2CserviceConfig.vpcConnectorEgressSettings%2Clabels%2CbuildConfig.buildEnvironmentVariables
[debug] [2025-05-03T14:45:03.412Z] >>> [apiv2][body] PATCH https://cloudfunctions.googleapis.com/v2/projects/ananas-4f5c6/locations/us-central1/functions/helloWorld {"name":"projects/ananas-4f5c6/locations/us-central1/functions/helloWorld","buildConfig":{"runtime":"nodejs22","entryPoint":"helloWorld","source":{"storageSource":{"bucket":"gcf-v2-uploads-274428610478.us-central1.cloudfunctions.appspot.com","object":"0c01cf95-6311-4f26-ab97-1d42750d6e09.zip"}},"environmentVariables":{"GOOGLE_NODE_RUN_SCRIPTS":""}},"serviceConfig":{"environmentVariables":{"FIREBASE_CONFIG":"{\"projectId\":\"ananas-4f5c6\",\"storageBucket\":\"ananas-4f5c6.firebasestorage.app\"}","GCLOUD_PROJECT":"ananas-4f5c6","EVENTARC_CLOUD_EVENT_SOURCE":"projects/ananas-4f5c6/locations/us-central1/services/helloWorld","FUNCTION_TARGET":"helloWorld","LOG_EXECUTION_ID":"true"},"ingressSettings":null,"timeoutSeconds":null,"serviceAccountEmail":null,"availableMemory":"256Mi","minInstanceCount":null,"maxInstanceCount":null,"maxInstanceRequestConcurrency":80,"availableCpu":"1","vpcConnector":null,"vpcConnectorEgressSettings":null},"labels":{"deployment-tool":"cli-firebase","firebase-functions-hash":"a29166d17fe37ae8a9ce99ad85620a53ecf0b1e2"}}
[debug] [2025-05-03T14:45:04.911Z] <<< [apiv2][status] PATCH https://cloudfunctions.googleapis.com/v2/projects/ananas-4f5c6/locations/us-central1/functions/helloWorld 200
[debug] [2025-05-03T14:45:04.911Z] <<< [apiv2][body] PATCH https://cloudfunctions.googleapis.com/v2/projects/ananas-4f5c6/locations/us-central1/functions/helloWorld {"name":"projects/ananas-4f5c6/locations/us-central1/operations/operation-1746283504131-6343c4ff0dbd2-05c6527f-0d1f30f0","metadata":{"@type":"type.googleapis.com/google.cloud.functions.v2.OperationMetadata","createTime":"2025-05-03T14:45:04.766693495Z","target":"projects/ananas-4f5c6/locations/us-central1/functions/helloWorld","verb":"update","cancelRequested":false,"apiVersion":"v2"},"done":false}
[debug] [2025-05-03T14:45:04.912Z] Checked if tokens are valid: true, expires at: 1746285814941
[debug] [2025-05-03T14:45:04.913Z] Checked if tokens are valid: true, expires at: 1746285814941
[debug] [2025-05-03T14:45:04.913Z] >>> [apiv2][query] GET https://cloudfunctions.googleapis.com/v2/projects/ananas-4f5c6/locations/us-central1/operations/operation-1746283504131-6343c4ff0dbd2-05c6527f-0d1f30f0 [none]
[debug] [2025-05-03T14:45:05.636Z] <<< [apiv2][status] GET https://cloudfunctions.googleapis.com/v2/projects/ananas-4f5c6/locations/us-central1/operations/operation-1746283504131-6343c4ff0dbd2-05c6527f-0d1f30f0 200
[debug] [2025-05-03T14:45:05.636Z] <<< [apiv2][body] GET https://cloudfunctions.googleapis.com/v2/projects/ananas-4f5c6/locations/us-central1/operations/operation-1746283504131-6343c4ff0dbd2-05c6527f-0d1f30f0 {"name":"projects/ananas-4f5c6/locations/us-central1/operations/operation-1746283504131-6343c4ff0dbd2-05c6527f-0d1f30f0","metadata":{"@type":"type.googleapis.com/google.cloud.functions.v2.OperationMetadata","createTime":"2025-05-03T14:45:04.766693495Z","target":"projects/ananas-4f5c6/locations/us-central1/functions/helloWorld","verb":"update","cancelRequested":false,"apiVersion":"v2","requestResource":{"@type":"type.googleapis.com/google.cloud.functions.v2.Function","name":"projects/ananas-4f5c6/locations/us-central1/functions/helloWorld","buildConfig":{"runtime":"nodejs22","entryPoint":"helloWorld","source":{"storageSource":{"bucket":"gcf-v2-sources-274428610478-us-central1","object":"helloWorld/function-source.zip","generation":"1746283504720113"}},"environmentVariables":{"GOOGLE_NODE_RUN_SCRIPTS":""},"dockerRepository":"projects/ananas-4f5c6/locations/us-central1/repositories/gcf-artifacts","sourceProvenance":{"resolvedStorageSource":{"bucket":"gcf-v2-sources-274428610478-us-central1","object":"helloWorld/function-source.zip","generation":"1746282775214412"}},"dockerRegistry":"ARTIFACT_REGISTRY","serviceAccount":"projects/ananas-4f5c6/serviceAccounts/274428610478-compute@developer.gserviceaccount.com","automaticUpdatePolicy":{}},"serviceConfig":{"service":"projects/ananas-4f5c6/locations/us-central1/services/helloworld","timeoutSeconds":60,"environmentVariables":{"FIREBASE_CONFIG":"{\"projectId\":\"ananas-4f5c6\",\"storageBucket\":\"ananas-4f5c6.firebasestorage.app\"}","GCLOUD_PROJECT":"ananas-4f5c6","EVENTARC_CLOUD_EVENT_SOURCE":"projects/ananas-4f5c6/locations/us-central1/services/helloWorld","FUNCTION_TARGET":"helloWorld","LOG_EXECUTION_ID":"true"},"ingressSettings":"ALLOW_ALL","uri":"https://helloworld-pfduqczu3q-uc.a.run.app","serviceAccountEmail":"274428610478-compute@developer.gserviceaccount.com","availableMemory":"256Mi","allTrafficOnLatestRevision":true,"revision":"helloworld-00001-tev","maxInstanceRequestConcurrency":80,"availableCpu":"1"},"state":"ACTIVE","labels":{"deployment-tool":"cli-firebase","firebase-functions-hash":"a29166d17fe37ae8a9ce99ad85620a53ecf0b1e2"},"environment":"GEN_2","url":"https://us-central1-ananas-4f5c6.cloudfunctions.net/helloWorld","satisfiesPzi":true},"stages":[{"name":"BUILD","message":"Creating build","state":"IN_PROGRESS","resource":"projects/274428610478/locations/us-central1/builds/249e5006-32f1-4f0d-8084-8c22ebbaee3d","resourceUri":"https://console.cloud.google.com/cloud-build/builds;region=us-central1/249e5006-32f1-4f0d-8084-8c22ebbaee3d?project=274428610478"},{"name":"SERVICE","state":"NOT_STARTED"}],"operationType":"UPDATE_FUNCTION","buildName":"projects/274428610478/locations/us-central1/builds/249e5006-32f1-4f0d-8084-8c22ebbaee3d"},"done":false}
[debug] [2025-05-03T14:45:06.139Z] [update-default-us-central1-helloWorld] Retrying task index 0
[debug] [2025-05-03T14:45:06.139Z] Checked if tokens are valid: true, expires at: 1746285814941
[debug] [2025-05-03T14:45:06.139Z] Checked if tokens are valid: true, expires at: 1746285814941
[debug] [2025-05-03T14:45:06.140Z] >>> [apiv2][query] GET https://cloudfunctions.googleapis.com/v2/projects/ananas-4f5c6/locations/us-central1/operations/operation-1746283504131-6343c4ff0dbd2-05c6527f-0d1f30f0 [none]
[debug] [2025-05-03T14:45:06.962Z] <<< [apiv2][status] GET https://cloudfunctions.googleapis.com/v2/projects/ananas-4f5c6/locations/us-central1/operations/operation-1746283504131-6343c4ff0dbd2-05c6527f-0d1f30f0 200
[debug] [2025-05-03T14:45:06.962Z] <<< [apiv2][body] GET https://cloudfunctions.googleapis.com/v2/projects/ananas-4f5c6/locations/us-central1/operations/operation-1746283504131-6343c4ff0dbd2-05c6527f-0d1f30f0 {"name":"projects/ananas-4f5c6/locations/us-central1/operations/operation-1746283504131-6343c4ff0dbd2-05c6527f-0d1f30f0","metadata":{"@type":"type.googleapis.com/google.cloud.functions.v2.OperationMetadata","createTime":"2025-05-03T14:45:04.766693495Z","target":"projects/ananas-4f5c6/locations/us-central1/functions/helloWorld","verb":"update","cancelRequested":false,"apiVersion":"v2","requestResource":{"@type":"type.googleapis.com/google.cloud.functions.v2.Function","name":"projects/ananas-4f5c6/locations/us-central1/functions/helloWorld","buildConfig":{"runtime":"nodejs22","entryPoint":"helloWorld","source":{"storageSource":{"bucket":"gcf-v2-sources-274428610478-us-central1","object":"helloWorld/function-source.zip","generation":"1746283504720113"}},"environmentVariables":{"GOOGLE_NODE_RUN_SCRIPTS":""},"dockerRepository":"projects/ananas-4f5c6/locations/us-central1/repositories/gcf-artifacts","sourceProvenance":{"resolvedStorageSource":{"bucket":"gcf-v2-sources-274428610478-us-central1","object":"helloWorld/function-source.zip","generation":"1746282775214412"}},"dockerRegistry":"ARTIFACT_REGISTRY","serviceAccount":"projects/ananas-4f5c6/serviceAccounts/274428610478-compute@developer.gserviceaccount.com","automaticUpdatePolicy":{}},"serviceConfig":{"service":"projects/ananas-4f5c6/locations/us-central1/services/helloworld","timeoutSeconds":60,"environmentVariables":{"FIREBASE_CONFIG":"{\"projectId\":\"ananas-4f5c6\",\"storageBucket\":\"ananas-4f5c6.firebasestorage.app\"}","GCLOUD_PROJECT":"ananas-4f5c6","EVENTARC_CLOUD_EVENT_SOURCE":"projects/ananas-4f5c6/locations/us-central1/services/helloWorld","FUNCTION_TARGET":"helloWorld","LOG_EXECUTION_ID":"true"},"ingressSettings":"ALLOW_ALL","uri":"https://helloworld-pfduqczu3q-uc.a.run.app","serviceAccountEmail":"274428610478-compute@developer.gserviceaccount.com","availableMemory":"256Mi","allTrafficOnLatestRevision":true,"revision":"helloworld-00001-tev","maxInstanceRequestConcurrency":80,"availableCpu":"1"},"state":"ACTIVE","labels":{"deployment-tool":"cli-firebase","firebase-functions-hash":"a29166d17fe37ae8a9ce99ad85620a53ecf0b1e2"},"environment":"GEN_2","url":"https://us-central1-ananas-4f5c6.cloudfunctions.net/helloWorld","satisfiesPzi":true},"stages":[{"name":"BUILD","message":"Build in progress","state":"IN_PROGRESS","resource":"projects/274428610478/locations/us-central1/builds/249e5006-32f1-4f0d-8084-8c22ebbaee3d","resourceUri":"https://console.cloud.google.com/cloud-build/builds;region=us-central1/249e5006-32f1-4f0d-8084-8c22ebbaee3d?project=274428610478"},{"name":"SERVICE","state":"NOT_STARTED"}],"operationType":"UPDATE_FUNCTION","buildName":"projects/274428610478/locations/us-central1/builds/249e5006-32f1-4f0d-8084-8c22ebbaee3d"},"done":false}
[debug] [2025-05-03T14:45:07.964Z] [update-default-us-central1-helloWorld] Retrying task index 0
[debug] [2025-05-03T14:45:07.964Z] Checked if tokens are valid: true, expires at: 1746285814941
[debug] [2025-05-03T14:45:07.964Z] Checked if tokens are valid: true, expires at: 1746285814941
[debug] [2025-05-03T14:45:07.964Z] >>> [apiv2][query] GET https://cloudfunctions.googleapis.com/v2/projects/ananas-4f5c6/locations/us-central1/operations/operation-1746283504131-6343c4ff0dbd2-05c6527f-0d1f30f0 [none]
[debug] [2025-05-03T14:45:08.701Z] <<< [apiv2][status] GET https://cloudfunctions.googleapis.com/v2/projects/ananas-4f5c6/locations/us-central1/operations/operation-1746283504131-6343c4ff0dbd2-05c6527f-0d1f30f0 200
[debug] [2025-05-03T14:45:08.701Z] <<< [apiv2][body] GET https://cloudfunctions.googleapis.com/v2/projects/ananas-4f5c6/locations/us-central1/operations/operation-1746283504131-6343c4ff0dbd2-05c6527f-0d1f30f0 {"name":"projects/ananas-4f5c6/locations/us-central1/operations/operation-1746283504131-6343c4ff0dbd2-05c6527f-0d1f30f0","metadata":{"@type":"type.googleapis.com/google.cloud.functions.v2.OperationMetadata","createTime":"2025-05-03T14:45:04.766693495Z","target":"projects/ananas-4f5c6/locations/us-central1/functions/helloWorld","verb":"update","cancelRequested":false,"apiVersion":"v2","requestResource":{"@type":"type.googleapis.com/google.cloud.functions.v2.Function","name":"projects/ananas-4f5c6/locations/us-central1/functions/helloWorld","buildConfig":{"runtime":"nodejs22","entryPoint":"helloWorld","source":{"storageSource":{"bucket":"gcf-v2-sources-274428610478-us-central1","object":"helloWorld/function-source.zip","generation":"1746283504720113"}},"environmentVariables":{"GOOGLE_NODE_RUN_SCRIPTS":""},"dockerRepository":"projects/ananas-4f5c6/locations/us-central1/repositories/gcf-artifacts","sourceProvenance":{"resolvedStorageSource":{"bucket":"gcf-v2-sources-274428610478-us-central1","object":"helloWorld/function-source.zip","generation":"1746282775214412"}},"dockerRegistry":"ARTIFACT_REGISTRY","serviceAccount":"projects/ananas-4f5c6/serviceAccounts/274428610478-compute@developer.gserviceaccount.com","automaticUpdatePolicy":{}},"serviceConfig":{"service":"projects/ananas-4f5c6/locations/us-central1/services/helloworld","timeoutSeconds":60,"environmentVariables":{"FIREBASE_CONFIG":"{\"projectId\":\"ananas-4f5c6\",\"storageBucket\":\"ananas-4f5c6.firebasestorage.app\"}","GCLOUD_PROJECT":"ananas-4f5c6","EVENTARC_CLOUD_EVENT_SOURCE":"projects/ananas-4f5c6/locations/us-central1/services/helloWorld","FUNCTION_TARGET":"helloWorld","LOG_EXECUTION_ID":"true"},"ingressSettings":"ALLOW_ALL","uri":"https://helloworld-pfduqczu3q-uc.a.run.app","serviceAccountEmail":"274428610478-compute@developer.gserviceaccount.com","availableMemory":"256Mi","allTrafficOnLatestRevision":true,"revision":"helloworld-00001-tev","maxInstanceRequestConcurrency":80,"availableCpu":"1"},"state":"ACTIVE","labels":{"deployment-tool":"cli-firebase","firebase-functions-hash":"a29166d17fe37ae8a9ce99ad85620a53ecf0b1e2"},"environment":"GEN_2","url":"https://us-central1-ananas-4f5c6.cloudfunctions.net/helloWorld","satisfiesPzi":true},"stages":[{"name":"BUILD","message":"Build in progress","state":"IN_PROGRESS","resource":"projects/274428610478/locations/us-central1/builds/249e5006-32f1-4f0d-8084-8c22ebbaee3d","resourceUri":"https://console.cloud.google.com/cloud-build/builds;region=us-central1/249e5006-32f1-4f0d-8084-8c22ebbaee3d?project=274428610478"},{"name":"SERVICE","state":"NOT_STARTED"}],"operationType":"UPDATE_FUNCTION","buildName":"projects/274428610478/locations/us-central1/builds/249e5006-32f1-4f0d-8084-8c22ebbaee3d"},"done":false}
[debug] [2025-05-03T14:45:10.703Z] [update-default-us-central1-helloWorld] Retrying task index 0
[debug] [2025-05-03T14:45:10.704Z] Checked if tokens are valid: true, expires at: 1746285814941
[debug] [2025-05-03T14:45:10.704Z] Checked if tokens are valid: true, expires at: 1746285814941
[debug] [2025-05-03T14:45:10.704Z] >>> [apiv2][query] GET https://cloudfunctions.googleapis.com/v2/projects/ananas-4f5c6/locations/us-central1/operations/operation-1746283504131-6343c4ff0dbd2-05c6527f-0d1f30f0 [none]
[debug] [2025-05-03T14:45:11.417Z] <<< [apiv2][status] GET https://cloudfunctions.googleapis.com/v2/projects/ananas-4f5c6/locations/us-central1/operations/operation-1746283504131-6343c4ff0dbd2-05c6527f-0d1f30f0 200
[debug] [2025-05-03T14:45:11.418Z] <<< [apiv2][body] GET https://cloudfunctions.googleapis.com/v2/projects/ananas-4f5c6/locations/us-central1/operations/operation-1746283504131-6343c4ff0dbd2-05c6527f-0d1f30f0 {"name":"projects/ananas-4f5c6/locations/us-central1/operations/operation-1746283504131-6343c4ff0dbd2-05c6527f-0d1f30f0","metadata":{"@type":"type.googleapis.com/google.cloud.functions.v2.OperationMetadata","createTime":"2025-05-03T14:45:04.766693495Z","target":"projects/ananas-4f5c6/locations/us-central1/functions/helloWorld","verb":"update","cancelRequested":false,"apiVersion":"v2","requestResource":{"@type":"type.googleapis.com/google.cloud.functions.v2.Function","name":"projects/ananas-4f5c6/locations/us-central1/functions/helloWorld","buildConfig":{"runtime":"nodejs22","entryPoint":"helloWorld","source":{"storageSource":{"bucket":"gcf-v2-sources-274428610478-us-central1","object":"helloWorld/function-source.zip","generation":"1746283504720113"}},"environmentVariables":{"GOOGLE_NODE_RUN_SCRIPTS":""},"dockerRepository":"projects/ananas-4f5c6/locations/us-central1/repositories/gcf-artifacts","sourceProvenance":{"resolvedStorageSource":{"bucket":"gcf-v2-sources-274428610478-us-central1","object":"helloWorld/function-source.zip","generation":"1746282775214412"}},"dockerRegistry":"ARTIFACT_REGISTRY","serviceAccount":"projects/ananas-4f5c6/serviceAccounts/274428610478-compute@developer.gserviceaccount.com","automaticUpdatePolicy":{}},"serviceConfig":{"service":"projects/ananas-4f5c6/locations/us-central1/services/helloworld","timeoutSeconds":60,"environmentVariables":{"FIREBASE_CONFIG":"{\"projectId\":\"ananas-4f5c6\",\"storageBucket\":\"ananas-4f5c6.firebasestorage.app\"}","GCLOUD_PROJECT":"ananas-4f5c6","EVENTARC_CLOUD_EVENT_SOURCE":"projects/ananas-4f5c6/locations/us-central1/services/helloWorld","FUNCTION_TARGET":"helloWorld","LOG_EXECUTION_ID":"true"},"ingressSettings":"ALLOW_ALL","uri":"https://helloworld-pfduqczu3q-uc.a.run.app","serviceAccountEmail":"274428610478-compute@developer.gserviceaccount.com","availableMemory":"256Mi","allTrafficOnLatestRevision":true,"revision":"helloworld-00001-tev","maxInstanceRequestConcurrency":80,"availableCpu":"1"},"state":"ACTIVE","labels":{"deployment-tool":"cli-firebase","firebase-functions-hash":"a29166d17fe37ae8a9ce99ad85620a53ecf0b1e2"},"environment":"GEN_2","url":"https://us-central1-ananas-4f5c6.cloudfunctions.net/helloWorld","satisfiesPzi":true},"stages":[{"name":"BUILD","message":"Build in progress","state":"IN_PROGRESS","resource":"projects/274428610478/locations/us-central1/builds/249e5006-32f1-4f0d-8084-8c22ebbaee3d","resourceUri":"https://console.cloud.google.com/cloud-build/builds;region=us-central1/249e5006-32f1-4f0d-8084-8c22ebbaee3d?project=274428610478"},{"name":"SERVICE","state":"NOT_STARTED"}],"operationType":"UPDATE_FUNCTION","buildName":"projects/274428610478/locations/us-central1/builds/249e5006-32f1-4f0d-8084-8c22ebbaee3d"},"done":false}
[debug] [2025-05-03T14:45:15.420Z] [update-default-us-central1-helloWorld] Retrying task index 0
[debug] [2025-05-03T14:45:15.420Z] Checked if tokens are valid: true, expires at: 1746285814941
[debug] [2025-05-03T14:45:15.420Z] Checked if tokens are valid: true, expires at: 1746285814941
[debug] [2025-05-03T14:45:15.420Z] >>> [apiv2][query] GET https://cloudfunctions.googleapis.com/v2/projects/ananas-4f5c6/locations/us-central1/operations/operation-1746283504131-6343c4ff0dbd2-05c6527f-0d1f30f0 [none]
[debug] [2025-05-03T14:45:16.173Z] <<< [apiv2][status] GET https://cloudfunctions.googleapis.com/v2/projects/ananas-4f5c6/locations/us-central1/operations/operation-1746283504131-6343c4ff0dbd2-05c6527f-0d1f30f0 200
[debug] [2025-05-03T14:45:16.174Z] <<< [apiv2][body] GET https://cloudfunctions.googleapis.com/v2/projects/ananas-4f5c6/locations/us-central1/operations/operation-1746283504131-6343c4ff0dbd2-05c6527f-0d1f30f0 {"name":"projects/ananas-4f5c6/locations/us-central1/operations/operation-1746283504131-6343c4ff0dbd2-05c6527f-0d1f30f0","metadata":{"@type":"type.googleapis.com/google.cloud.functions.v2.OperationMetadata","createTime":"2025-05-03T14:45:04.766693495Z","target":"projects/ananas-4f5c6/locations/us-central1/functions/helloWorld","verb":"update","cancelRequested":false,"apiVersion":"v2","requestResource":{"@type":"type.googleapis.com/google.cloud.functions.v2.Function","name":"projects/ananas-4f5c6/locations/us-central1/functions/helloWorld","buildConfig":{"runtime":"nodejs22","entryPoint":"helloWorld","source":{"storageSource":{"bucket":"gcf-v2-sources-274428610478-us-central1","object":"helloWorld/function-source.zip","generation":"1746283504720113"}},"environmentVariables":{"GOOGLE_NODE_RUN_SCRIPTS":""},"dockerRepository":"projects/ananas-4f5c6/locations/us-central1/repositories/gcf-artifacts","sourceProvenance":{"resolvedStorageSource":{"bucket":"gcf-v2-sources-274428610478-us-central1","object":"helloWorld/function-source.zip","generation":"1746282775214412"}},"dockerRegistry":"ARTIFACT_REGISTRY","serviceAccount":"projects/ananas-4f5c6/serviceAccounts/274428610478-compute@developer.gserviceaccount.com","automaticUpdatePolicy":{}},"serviceConfig":{"service":"projects/ananas-4f5c6/locations/us-central1/services/helloworld","timeoutSeconds":60,"environmentVariables":{"FIREBASE_CONFIG":"{\"projectId\":\"ananas-4f5c6\",\"storageBucket\":\"ananas-4f5c6.firebasestorage.app\"}","GCLOUD_PROJECT":"ananas-4f5c6","EVENTARC_CLOUD_EVENT_SOURCE":"projects/ananas-4f5c6/locations/us-central1/services/helloWorld","FUNCTION_TARGET":"helloWorld","LOG_EXECUTION_ID":"true"},"ingressSettings":"ALLOW_ALL","uri":"https://helloworld-pfduqczu3q-uc.a.run.app","serviceAccountEmail":"274428610478-compute@developer.gserviceaccount.com","availableMemory":"256Mi","allTrafficOnLatestRevision":true,"revision":"helloworld-00001-tev","maxInstanceRequestConcurrency":80,"availableCpu":"1"},"state":"ACTIVE","labels":{"deployment-tool":"cli-firebase","firebase-functions-hash":"a29166d17fe37ae8a9ce99ad85620a53ecf0b1e2"},"environment":"GEN_2","url":"https://us-central1-ananas-4f5c6.cloudfunctions.net/helloWorld","satisfiesPzi":true},"stages":[{"name":"BUILD","message":"Build in progress","state":"IN_PROGRESS","resource":"projects/274428610478/locations/us-central1/builds/249e5006-32f1-4f0d-8084-8c22ebbaee3d","resourceUri":"https://console.cloud.google.com/cloud-build/builds;region=us-central1/249e5006-32f1-4f0d-8084-8c22ebbaee3d?project=274428610478"},{"name":"SERVICE","state":"NOT_STARTED"}],"operationType":"UPDATE_FUNCTION","buildName":"projects/274428610478/locations/us-central1/builds/249e5006-32f1-4f0d-8084-8c22ebbaee3d"},"done":false}
[debug] [2025-05-03T14:45:24.185Z] [update-default-us-central1-helloWorld] Retrying task index 0
[debug] [2025-05-03T14:45:24.196Z] Checked if tokens are valid: true, expires at: 1746285814941
[debug] [2025-05-03T14:45:24.197Z] Checked if tokens are valid: true, expires at: 1746285814941
[debug] [2025-05-03T14:45:24.197Z] >>> [apiv2][query] GET https://cloudfunctions.googleapis.com/v2/projects/ananas-4f5c6/locations/us-central1/operations/operation-1746283504131-6343c4ff0dbd2-05c6527f-0d1f30f0 [none]
[debug] [2025-05-03T14:45:24.986Z] <<< [apiv2][status] GET https://cloudfunctions.googleapis.com/v2/projects/ananas-4f5c6/locations/us-central1/operations/operation-1746283504131-6343c4ff0dbd2-05c6527f-0d1f30f0 200
[debug] [2025-05-03T14:45:24.986Z] <<< [apiv2][body] GET https://cloudfunctions.googleapis.com/v2/projects/ananas-4f5c6/locations/us-central1/operations/operation-1746283504131-6343c4ff0dbd2-05c6527f-0d1f30f0 {"name":"projects/ananas-4f5c6/locations/us-central1/operations/operation-1746283504131-6343c4ff0dbd2-05c6527f-0d1f30f0","metadata":{"@type":"type.googleapis.com/google.cloud.functions.v2.OperationMetadata","createTime":"2025-05-03T14:45:04.766693495Z","target":"projects/ananas-4f5c6/locations/us-central1/functions/helloWorld","verb":"update","cancelRequested":false,"apiVersion":"v2","requestResource":{"@type":"type.googleapis.com/google.cloud.functions.v2.Function","name":"projects/ananas-4f5c6/locations/us-central1/functions/helloWorld","buildConfig":{"runtime":"nodejs22","entryPoint":"helloWorld","source":{"storageSource":{"bucket":"gcf-v2-sources-274428610478-us-central1","object":"helloWorld/function-source.zip","generation":"1746283504720113"}},"environmentVariables":{"GOOGLE_NODE_RUN_SCRIPTS":""},"dockerRepository":"projects/ananas-4f5c6/locations/us-central1/repositories/gcf-artifacts","sourceProvenance":{"resolvedStorageSource":{"bucket":"gcf-v2-sources-274428610478-us-central1","object":"helloWorld/function-source.zip","generation":"1746282775214412"}},"dockerRegistry":"ARTIFACT_REGISTRY","serviceAccount":"projects/ananas-4f5c6/serviceAccounts/274428610478-compute@developer.gserviceaccount.com","automaticUpdatePolicy":{}},"serviceConfig":{"service":"projects/ananas-4f5c6/locations/us-central1/services/helloworld","timeoutSeconds":60,"environmentVariables":{"FIREBASE_CONFIG":"{\"projectId\":\"ananas-4f5c6\",\"storageBucket\":\"ananas-4f5c6.firebasestorage.app\"}","GCLOUD_PROJECT":"ananas-4f5c6","EVENTARC_CLOUD_EVENT_SOURCE":"projects/ananas-4f5c6/locations/us-central1/services/helloWorld","FUNCTION_TARGET":"helloWorld","LOG_EXECUTION_ID":"true"},"ingressSettings":"ALLOW_ALL","uri":"https://helloworld-pfduqczu3q-uc.a.run.app","serviceAccountEmail":"274428610478-compute@developer.gserviceaccount.com","availableMemory":"256Mi","allTrafficOnLatestRevision":true,"revision":"helloworld-00001-tev","maxInstanceRequestConcurrency":80,"availableCpu":"1"},"state":"ACTIVE","labels":{"deployment-tool":"cli-firebase","firebase-functions-hash":"a29166d17fe37ae8a9ce99ad85620a53ecf0b1e2"},"environment":"GEN_2","url":"https://us-central1-ananas-4f5c6.cloudfunctions.net/helloWorld","satisfiesPzi":true},"stages":[{"name":"BUILD","message":"Build in progress","state":"IN_PROGRESS","resource":"projects/274428610478/locations/us-central1/builds/249e5006-32f1-4f0d-8084-8c22ebbaee3d","resourceUri":"https://console.cloud.google.com/cloud-build/builds;region=us-central1/249e5006-32f1-4f0d-8084-8c22ebbaee3d?project=274428610478"},{"name":"SERVICE","state":"NOT_STARTED"}],"operationType":"UPDATE_FUNCTION","buildName":"projects/274428610478/locations/us-central1/builds/249e5006-32f1-4f0d-8084-8c22ebbaee3d"},"done":false}
[debug] [2025-05-03T14:45:34.988Z] [update-default-us-central1-helloWorld] Retrying task index 0
[debug] [2025-05-03T14:45:34.988Z] Checked if tokens are valid: true, expires at: 1746285814941
[debug] [2025-05-03T14:45:34.989Z] Checked if tokens are valid: true, expires at: 1746285814941
[debug] [2025-05-03T14:45:34.989Z] >>> [apiv2][query] GET https://cloudfunctions.googleapis.com/v2/projects/ananas-4f5c6/locations/us-central1/operations/operation-1746283504131-6343c4ff0dbd2-05c6527f-0d1f30f0 [none]
[debug] [2025-05-03T14:45:35.706Z] <<< [apiv2][status] GET https://cloudfunctions.googleapis.com/v2/projects/ananas-4f5c6/locations/us-central1/operations/operation-1746283504131-6343c4ff0dbd2-05c6527f-0d1f30f0 200
[debug] [2025-05-03T14:45:35.707Z] <<< [apiv2][body] GET https://cloudfunctions.googleapis.com/v2/projects/ananas-4f5c6/locations/us-central1/operations/operation-1746283504131-6343c4ff0dbd2-05c6527f-0d1f30f0 {"name":"projects/ananas-4f5c6/locations/us-central1/operations/operation-1746283504131-6343c4ff0dbd2-05c6527f-0d1f30f0","metadata":{"@type":"type.googleapis.com/google.cloud.functions.v2.OperationMetadata","createTime":"2025-05-03T14:45:04.766693495Z","target":"projects/ananas-4f5c6/locations/us-central1/functions/helloWorld","verb":"update","cancelRequested":false,"apiVersion":"v2","requestResource":{"@type":"type.googleapis.com/google.cloud.functions.v2.Function","name":"projects/ananas-4f5c6/locations/us-central1/functions/helloWorld","buildConfig":{"runtime":"nodejs22","entryPoint":"helloWorld","source":{"storageSource":{"bucket":"gcf-v2-sources-274428610478-us-central1","object":"helloWorld/function-source.zip","generation":"1746283504720113"}},"environmentVariables":{"GOOGLE_NODE_RUN_SCRIPTS":""},"dockerRepository":"projects/ananas-4f5c6/locations/us-central1/repositories/gcf-artifacts","sourceProvenance":{"resolvedStorageSource":{"bucket":"gcf-v2-sources-274428610478-us-central1","object":"helloWorld/function-source.zip","generation":"1746282775214412"}},"dockerRegistry":"ARTIFACT_REGISTRY","serviceAccount":"projects/ananas-4f5c6/serviceAccounts/274428610478-compute@developer.gserviceaccount.com","automaticUpdatePolicy":{}},"serviceConfig":{"service":"projects/ananas-4f5c6/locations/us-central1/services/helloworld","timeoutSeconds":60,"environmentVariables":{"FIREBASE_CONFIG":"{\"projectId\":\"ananas-4f5c6\",\"storageBucket\":\"ananas-4f5c6.firebasestorage.app\"}","GCLOUD_PROJECT":"ananas-4f5c6","EVENTARC_CLOUD_EVENT_SOURCE":"projects/ananas-4f5c6/locations/us-central1/services/helloWorld","FUNCTION_TARGET":"helloWorld","LOG_EXECUTION_ID":"true"},"ingressSettings":"ALLOW_ALL","uri":"https://helloworld-pfduqczu3q-uc.a.run.app","serviceAccountEmail":"274428610478-compute@developer.gserviceaccount.com","availableMemory":"256Mi","allTrafficOnLatestRevision":true,"revision":"helloworld-00001-tev","maxInstanceRequestConcurrency":80,"availableCpu":"1"},"state":"ACTIVE","labels":{"deployment-tool":"cli-firebase","firebase-functions-hash":"a29166d17fe37ae8a9ce99ad85620a53ecf0b1e2"},"environment":"GEN_2","url":"https://us-central1-ananas-4f5c6.cloudfunctions.net/helloWorld","satisfiesPzi":true},"stages":[{"name":"BUILD","message":"Build in progress","state":"IN_PROGRESS","resource":"projects/274428610478/locations/us-central1/builds/249e5006-32f1-4f0d-8084-8c22ebbaee3d","resourceUri":"https://console.cloud.google.com/cloud-build/builds;region=us-central1/249e5006-32f1-4f0d-8084-8c22ebbaee3d?project=274428610478"},{"name":"SERVICE","state":"NOT_STARTED"}],"operationType":"UPDATE_FUNCTION","buildName":"projects/274428610478/locations/us-central1/builds/249e5006-32f1-4f0d-8084-8c22ebbaee3d"},"done":false}
[debug] [2025-05-03T14:45:45.709Z] [update-default-us-central1-helloWorld] Retrying task index 0
[debug] [2025-05-03T14:45:45.710Z] Checked if tokens are valid: true, expires at: 1746285814941
[debug] [2025-05-03T14:45:45.710Z] Checked if tokens are valid: true, expires at: 1746285814941
[debug] [2025-05-03T14:45:45.711Z] >>> [apiv2][query] GET https://cloudfunctions.googleapis.com/v2/projects/ananas-4f5c6/locations/us-central1/operations/operation-1746283504131-6343c4ff0dbd2-05c6527f-0d1f30f0 [none]
[debug] [2025-05-03T14:45:46.452Z] <<< [apiv2][status] GET https://cloudfunctions.googleapis.com/v2/projects/ananas-4f5c6/locations/us-central1/operations/operation-1746283504131-6343c4ff0dbd2-05c6527f-0d1f30f0 200
[debug] [2025-05-03T14:45:46.452Z] <<< [apiv2][body] GET https://cloudfunctions.googleapis.com/v2/projects/ananas-4f5c6/locations/us-central1/operations/operation-1746283504131-6343c4ff0dbd2-05c6527f-0d1f30f0 {"name":"projects/ananas-4f5c6/locations/us-central1/operations/operation-1746283504131-6343c4ff0dbd2-05c6527f-0d1f30f0","metadata":{"@type":"type.googleapis.com/google.cloud.functions.v2.OperationMetadata","createTime":"2025-05-03T14:45:04.766693495Z","target":"projects/ananas-4f5c6/locations/us-central1/functions/helloWorld","verb":"update","cancelRequested":false,"apiVersion":"v2","requestResource":{"@type":"type.googleapis.com/google.cloud.functions.v2.Function","name":"projects/ananas-4f5c6/locations/us-central1/functions/helloWorld","buildConfig":{"runtime":"nodejs22","entryPoint":"helloWorld","source":{"storageSource":{"bucket":"gcf-v2-sources-274428610478-us-central1","object":"helloWorld/function-source.zip","generation":"1746283504720113"}},"environmentVariables":{"GOOGLE_NODE_RUN_SCRIPTS":""},"dockerRepository":"projects/ananas-4f5c6/locations/us-central1/repositories/gcf-artifacts","sourceProvenance":{"resolvedStorageSource":{"bucket":"gcf-v2-sources-274428610478-us-central1","object":"helloWorld/function-source.zip","generation":"1746282775214412"}},"dockerRegistry":"ARTIFACT_REGISTRY","serviceAccount":"projects/ananas-4f5c6/serviceAccounts/274428610478-compute@developer.gserviceaccount.com","automaticUpdatePolicy":{}},"serviceConfig":{"service":"projects/ananas-4f5c6/locations/us-central1/services/helloworld","timeoutSeconds":60,"environmentVariables":{"FIREBASE_CONFIG":"{\"projectId\":\"ananas-4f5c6\",\"storageBucket\":\"ananas-4f5c6.firebasestorage.app\"}","GCLOUD_PROJECT":"ananas-4f5c6","EVENTARC_CLOUD_EVENT_SOURCE":"projects/ananas-4f5c6/locations/us-central1/services/helloWorld","FUNCTION_TARGET":"helloWorld","LOG_EXECUTION_ID":"true"},"ingressSettings":"ALLOW_ALL","uri":"https://helloworld-pfduqczu3q-uc.a.run.app","serviceAccountEmail":"274428610478-compute@developer.gserviceaccount.com","availableMemory":"256Mi","allTrafficOnLatestRevision":true,"revision":"helloworld-00001-tev","maxInstanceRequestConcurrency":80,"availableCpu":"1"},"state":"ACTIVE","labels":{"deployment-tool":"cli-firebase","firebase-functions-hash":"a29166d17fe37ae8a9ce99ad85620a53ecf0b1e2"},"environment":"GEN_2","url":"https://us-central1-ananas-4f5c6.cloudfunctions.net/helloWorld","satisfiesPzi":true},"stages":[{"name":"BUILD","message":"Build in progress","state":"IN_PROGRESS","resource":"projects/274428610478/locations/us-central1/builds/249e5006-32f1-4f0d-8084-8c22ebbaee3d","resourceUri":"https://console.cloud.google.com/cloud-build/builds;region=us-central1/249e5006-32f1-4f0d-8084-8c22ebbaee3d?project=274428610478"},{"name":"SERVICE","state":"NOT_STARTED"}],"operationType":"UPDATE_FUNCTION","buildName":"projects/274428610478/locations/us-central1/builds/249e5006-32f1-4f0d-8084-8c22ebbaee3d"},"done":false}
[debug] [2025-05-03T14:45:56.454Z] [update-default-us-central1-helloWorld] Retrying task index 0
[debug] [2025-05-03T14:45:56.454Z] Checked if tokens are valid: true, expires at: 1746285814941
[debug] [2025-05-03T14:45:56.455Z] Checked if tokens are valid: true, expires at: 1746285814941
[debug] [2025-05-03T14:45:56.455Z] >>> [apiv2][query] GET https://cloudfunctions.googleapis.com/v2/projects/ananas-4f5c6/locations/us-central1/operations/operation-1746283504131-6343c4ff0dbd2-05c6527f-0d1f30f0 [none]
[debug] [2025-05-03T14:45:57.176Z] <<< [apiv2][status] GET https://cloudfunctions.googleapis.com/v2/projects/ananas-4f5c6/locations/us-central1/operations/operation-1746283504131-6343c4ff0dbd2-05c6527f-0d1f30f0 200
[debug] [2025-05-03T14:45:57.177Z] <<< [apiv2][body] GET https://cloudfunctions.googleapis.com/v2/projects/ananas-4f5c6/locations/us-central1/operations/operation-1746283504131-6343c4ff0dbd2-05c6527f-0d1f30f0 {"name":"projects/ananas-4f5c6/locations/us-central1/operations/operation-1746283504131-6343c4ff0dbd2-05c6527f-0d1f30f0","metadata":{"@type":"type.googleapis.com/google.cloud.functions.v2.OperationMetadata","createTime":"2025-05-03T14:45:04.766693495Z","target":"projects/ananas-4f5c6/locations/us-central1/functions/helloWorld","verb":"update","cancelRequested":false,"apiVersion":"v2","requestResource":{"@type":"type.googleapis.com/google.cloud.functions.v2.Function","name":"projects/ananas-4f5c6/locations/us-central1/functions/helloWorld","buildConfig":{"runtime":"nodejs22","entryPoint":"helloWorld","source":{"storageSource":{"bucket":"gcf-v2-sources-274428610478-us-central1","object":"helloWorld/function-source.zip","generation":"1746283504720113"}},"environmentVariables":{"GOOGLE_NODE_RUN_SCRIPTS":""},"dockerRepository":"projects/ananas-4f5c6/locations/us-central1/repositories/gcf-artifacts","sourceProvenance":{"resolvedStorageSource":{"bucket":"gcf-v2-sources-274428610478-us-central1","object":"helloWorld/function-source.zip","generation":"1746282775214412"}},"dockerRegistry":"ARTIFACT_REGISTRY","serviceAccount":"projects/ananas-4f5c6/serviceAccounts/274428610478-compute@developer.gserviceaccount.com","automaticUpdatePolicy":{}},"serviceConfig":{"service":"projects/ananas-4f5c6/locations/us-central1/services/helloworld","timeoutSeconds":60,"environmentVariables":{"FIREBASE_CONFIG":"{\"projectId\":\"ananas-4f5c6\",\"storageBucket\":\"ananas-4f5c6.firebasestorage.app\"}","GCLOUD_PROJECT":"ananas-4f5c6","EVENTARC_CLOUD_EVENT_SOURCE":"projects/ananas-4f5c6/locations/us-central1/services/helloWorld","FUNCTION_TARGET":"helloWorld","LOG_EXECUTION_ID":"true"},"ingressSettings":"ALLOW_ALL","uri":"https://helloworld-pfduqczu3q-uc.a.run.app","serviceAccountEmail":"274428610478-compute@developer.gserviceaccount.com","availableMemory":"256Mi","allTrafficOnLatestRevision":true,"revision":"helloworld-00001-tev","maxInstanceRequestConcurrency":80,"availableCpu":"1"},"state":"ACTIVE","labels":{"deployment-tool":"cli-firebase","firebase-functions-hash":"a29166d17fe37ae8a9ce99ad85620a53ecf0b1e2"},"environment":"GEN_2","url":"https://us-central1-ananas-4f5c6.cloudfunctions.net/helloWorld","satisfiesPzi":true},"stages":[{"name":"BUILD","message":"Build in progress","state":"IN_PROGRESS","resource":"projects/274428610478/locations/us-central1/builds/249e5006-32f1-4f0d-8084-8c22ebbaee3d","resourceUri":"https://console.cloud.google.com/cloud-build/builds;region=us-central1/249e5006-32f1-4f0d-8084-8c22ebbaee3d?project=274428610478"},{"name":"SERVICE","state":"NOT_STARTED"}],"operationType":"UPDATE_FUNCTION","buildName":"projects/274428610478/locations/us-central1/builds/249e5006-32f1-4f0d-8084-8c22ebbaee3d"},"done":false}
[debug] [2025-05-03T14:46:07.179Z] [update-default-us-central1-helloWorld] Retrying task index 0
[debug] [2025-05-03T14:46:07.182Z] Checked if tokens are valid: true, expires at: 1746285814941
[debug] [2025-05-03T14:46:07.182Z] Checked if tokens are valid: true, expires at: 1746285814941
[debug] [2025-05-03T14:46:07.182Z] >>> [apiv2][query] GET https://cloudfunctions.googleapis.com/v2/projects/ananas-4f5c6/locations/us-central1/operations/operation-1746283504131-6343c4ff0dbd2-05c6527f-0d1f30f0 [none]
[debug] [2025-05-03T14:46:07.994Z] <<< [apiv2][status] GET https://cloudfunctions.googleapis.com/v2/projects/ananas-4f5c6/locations/us-central1/operations/operation-1746283504131-6343c4ff0dbd2-05c6527f-0d1f30f0 200
[debug] [2025-05-03T14:46:07.994Z] <<< [apiv2][body] GET https://cloudfunctions.googleapis.com/v2/projects/ananas-4f5c6/locations/us-central1/operations/operation-1746283504131-6343c4ff0dbd2-05c6527f-0d1f30f0 {"name":"projects/ananas-4f5c6/locations/us-central1/operations/operation-1746283504131-6343c4ff0dbd2-05c6527f-0d1f30f0","metadata":{"@type":"type.googleapis.com/google.cloud.functions.v2.OperationMetadata","createTime":"2025-05-03T14:45:04.766693495Z","target":"projects/ananas-4f5c6/locations/us-central1/functions/helloWorld","verb":"update","cancelRequested":false,"apiVersion":"v2","requestResource":{"@type":"type.googleapis.com/google.cloud.functions.v2.Function","name":"projects/ananas-4f5c6/locations/us-central1/functions/helloWorld","buildConfig":{"runtime":"nodejs22","entryPoint":"helloWorld","source":{"storageSource":{"bucket":"gcf-v2-sources-274428610478-us-central1","object":"helloWorld/function-source.zip","generation":"1746283504720113"}},"environmentVariables":{"GOOGLE_NODE_RUN_SCRIPTS":""},"dockerRepository":"projects/ananas-4f5c6/locations/us-central1/repositories/gcf-artifacts","sourceProvenance":{"resolvedStorageSource":{"bucket":"gcf-v2-sources-274428610478-us-central1","object":"helloWorld/function-source.zip","generation":"1746282775214412"}},"dockerRegistry":"ARTIFACT_REGISTRY","serviceAccount":"projects/ananas-4f5c6/serviceAccounts/274428610478-compute@developer.gserviceaccount.com","automaticUpdatePolicy":{}},"serviceConfig":{"service":"projects/ananas-4f5c6/locations/us-central1/services/helloworld","timeoutSeconds":60,"environmentVariables":{"FIREBASE_CONFIG":"{\"projectId\":\"ananas-4f5c6\",\"storageBucket\":\"ananas-4f5c6.firebasestorage.app\"}","GCLOUD_PROJECT":"ananas-4f5c6","EVENTARC_CLOUD_EVENT_SOURCE":"projects/ananas-4f5c6/locations/us-central1/services/helloWorld","FUNCTION_TARGET":"helloWorld","LOG_EXECUTION_ID":"true"},"ingressSettings":"ALLOW_ALL","uri":"https://helloworld-pfduqczu3q-uc.a.run.app","serviceAccountEmail":"274428610478-compute@developer.gserviceaccount.com","availableMemory":"256Mi","allTrafficOnLatestRevision":true,"revision":"helloworld-00001-tev","maxInstanceRequestConcurrency":80,"availableCpu":"1"},"state":"ACTIVE","labels":{"deployment-tool":"cli-firebase","firebase-functions-hash":"a29166d17fe37ae8a9ce99ad85620a53ecf0b1e2"},"environment":"GEN_2","url":"https://us-central1-ananas-4f5c6.cloudfunctions.net/helloWorld","satisfiesPzi":true},"stages":[{"name":"BUILD","message":"Build finished","state":"COMPLETE","resource":"projects/274428610478/locations/us-central1/builds/249e5006-32f1-4f0d-8084-8c22ebbaee3d","resourceUri":"https://console.cloud.google.com/cloud-build/builds;region=us-central1/249e5006-32f1-4f0d-8084-8c22ebbaee3d?project=274428610478"},{"name":"SERVICE","message":"Updating Cloud Run service","state":"IN_PROGRESS","resource":"projects/ananas-4f5c6/locations/us-central1/services/helloworld","resourceUri":"https://console.cloud.google.com/run/detail/us-central1/helloworld?project=ananas-4f5c6","stateMessages":[{"severity":"INFO","type":"CloudRunServiceNewRevisionTrafficInfo","message":"A new revision will be deployed serving with 100% traffic."}]}],"sourceToken":"Cldwcm9qZWN0cy8yNzQ0Mjg2MTA0NzgvbG9jYXRpb25zL3VzLWNlbnRyYWwxL2J1aWxkcy8yNDllNTAwNi0zMmYxLTRmMGQtODA4NC04YzIyZWJiYWVlM2QSaHVzLWNlbnRyYWwxLWRvY2tlci5wa2cuZGV2L2FuYW5hcy00ZjVjNi9nY2YtYXJ0aWZhY3RzL2FuYW5hcy0tNGY1YzZfX3VzLS1jZW50cmFsMV9faGVsbG9fd29ybGQ6dmVyc2lvbl8xGK6P4an+ByJAcHJvamVjdHMvYW5hbmFzLTRmNWM2L2xvY2F0aW9ucy91cy1jZW50cmFsMS9mdW5jdGlvbnMvaGVsbG9Xb3JsZCoMCKbY2MAGEJiPiakDMghub2RlanMyMjp2CiNnY3IuaW8vZ2FlLXJ1bnRpbWVzL25vZGVqczIyOnN0YWJsZRJPdXMtY2VudHJhbDEtZG9ja2VyLnBrZy5kZXYvc2VydmVybGVzcy1ydW50aW1lcy9nb29nbGUtMjItZnVsbC9ydW50aW1lcy9ub2RlanMyMkAB","operationType":"UPDATE_FUNCTION","buildName":"projects/274428610478/locations/us-central1/builds/249e5006-32f1-4f0d-8084-8c22ebbaee3d"},"done":false}
[debug] [2025-05-03T14:46:07.994Z] Got source token Cldwcm9qZWN0cy8yNzQ0Mjg2MTA0NzgvbG9jYXRpb25zL3VzLWNlbnRyYWwxL2J1aWxkcy8yNDllNTAwNi0zMmYxLTRmMGQtODA4NC04YzIyZWJiYWVlM2QSaHVzLWNlbnRyYWwxLWRvY2tlci5wa2cuZGV2L2FuYW5hcy00ZjVjNi9nY2YtYXJ0aWZhY3RzL2FuYW5hcy0tNGY1YzZfX3VzLS1jZW50cmFsMV9faGVsbG9fd29ybGQ6dmVyc2lvbl8xGK6P4an+ByJAcHJvamVjdHMvYW5hbmFzLTRmNWM2L2xvY2F0aW9ucy91cy1jZW50cmFsMS9mdW5jdGlvbnMvaGVsbG9Xb3JsZCoMCKbY2MAGEJiPiakDMghub2RlanMyMjp2CiNnY3IuaW8vZ2FlLXJ1bnRpbWVzL25vZGVqczIyOnN0YWJsZRJPdXMtY2VudHJhbDEtZG9ja2VyLnBrZy5kZXYvc2VydmVybGVzcy1ydW50aW1lcy9nb29nbGUtMjItZnVsbC9ydW50aW1lcy9ub2RlanMyMkAB for region us-central1
[debug] [2025-05-03T14:46:17.996Z] [update-default-us-central1-helloWorld] Retrying task index 0
[debug] [2025-05-03T14:46:17.997Z] Checked if tokens are valid: true, expires at: 1746285814941
[debug] [2025-05-03T14:46:17.997Z] Checked if tokens are valid: true, expires at: 1746285814941
[debug] [2025-05-03T14:46:17.997Z] >>> [apiv2][query] GET https://cloudfunctions.googleapis.com/v2/projects/ananas-4f5c6/locations/us-central1/operations/operation-1746283504131-6343c4ff0dbd2-05c6527f-0d1f30f0 [none]
[debug] [2025-05-03T14:46:18.848Z] <<< [apiv2][status] GET https://cloudfunctions.googleapis.com/v2/projects/ananas-4f5c6/locations/us-central1/operations/operation-1746283504131-6343c4ff0dbd2-05c6527f-0d1f30f0 200
[debug] [2025-05-03T14:46:18.849Z] <<< [apiv2][body] GET https://cloudfunctions.googleapis.com/v2/projects/ananas-4f5c6/locations/us-central1/operations/operation-1746283504131-6343c4ff0dbd2-05c6527f-0d1f30f0 {"name":"projects/ananas-4f5c6/locations/us-central1/operations/operation-1746283504131-6343c4ff0dbd2-05c6527f-0d1f30f0","metadata":{"@type":"type.googleapis.com/google.cloud.functions.v2.OperationMetadata","createTime":"2025-05-03T14:45:04.766693495Z","endTime":"2025-05-03T14:46:07.760332979Z","target":"projects/ananas-4f5c6/locations/us-central1/functions/helloWorld","verb":"update","cancelRequested":false,"apiVersion":"v2","requestResource":{"@type":"type.googleapis.com/google.cloud.functions.v2.Function","name":"projects/ananas-4f5c6/locations/us-central1/functions/helloWorld","buildConfig":{"runtime":"nodejs22","entryPoint":"helloWorld","source":{"storageSource":{"bucket":"gcf-v2-sources-274428610478-us-central1","object":"helloWorld/function-source.zip","generation":"1746283504720113"}},"environmentVariables":{"GOOGLE_NODE_RUN_SCRIPTS":""},"dockerRepository":"projects/ananas-4f5c6/locations/us-central1/repositories/gcf-artifacts","sourceProvenance":{"resolvedStorageSource":{"bucket":"gcf-v2-sources-274428610478-us-central1","object":"helloWorld/function-source.zip","generation":"1746282775214412"}},"dockerRegistry":"ARTIFACT_REGISTRY","serviceAccount":"projects/ananas-4f5c6/serviceAccounts/274428610478-compute@developer.gserviceaccount.com","automaticUpdatePolicy":{}},"serviceConfig":{"service":"projects/ananas-4f5c6/locations/us-central1/services/helloworld","timeoutSeconds":60,"environmentVariables":{"FIREBASE_CONFIG":"{\"projectId\":\"ananas-4f5c6\",\"storageBucket\":\"ananas-4f5c6.firebasestorage.app\"}","GCLOUD_PROJECT":"ananas-4f5c6","EVENTARC_CLOUD_EVENT_SOURCE":"projects/ananas-4f5c6/locations/us-central1/services/helloWorld","FUNCTION_TARGET":"helloWorld","LOG_EXECUTION_ID":"true"},"ingressSettings":"ALLOW_ALL","uri":"https://helloworld-pfduqczu3q-uc.a.run.app","serviceAccountEmail":"274428610478-compute@developer.gserviceaccount.com","availableMemory":"256Mi","allTrafficOnLatestRevision":true,"revision":"helloworld-00001-tev","maxInstanceRequestConcurrency":80,"availableCpu":"1"},"state":"ACTIVE","labels":{"deployment-tool":"cli-firebase","firebase-functions-hash":"a29166d17fe37ae8a9ce99ad85620a53ecf0b1e2"},"environment":"GEN_2","url":"https://us-central1-ananas-4f5c6.cloudfunctions.net/helloWorld","satisfiesPzi":true},"stages":[{"name":"BUILD","message":"Build finished","state":"COMPLETE","resource":"projects/274428610478/locations/us-central1/builds/249e5006-32f1-4f0d-8084-8c22ebbaee3d","resourceUri":"https://console.cloud.google.com/cloud-build/builds;region=us-central1/249e5006-32f1-4f0d-8084-8c22ebbaee3d?project=274428610478"},{"name":"SERVICE","message":"Updating Cloud Run service","state":"COMPLETE","resource":"projects/ananas-4f5c6/locations/us-central1/services/helloworld","resourceUri":"https://console.cloud.google.com/run/detail/us-central1/helloworld?project=ananas-4f5c6","stateMessages":[{"severity":"INFO","type":"CloudRunServiceNewRevisionTrafficInfo","message":"A new revision will be deployed serving with 100% traffic."}]}],"sourceToken":"Cldwcm9qZWN0cy8yNzQ0Mjg2MTA0NzgvbG9jYXRpb25zL3VzLWNlbnRyYWwxL2J1aWxkcy8yNDllNTAwNi0zMmYxLTRmMGQtODA4NC04YzIyZWJiYWVlM2QSaHVzLWNlbnRyYWwxLWRvY2tlci5wa2cuZGV2L2FuYW5hcy00ZjVjNi9nY2YtYXJ0aWZhY3RzL2FuYW5hcy0tNGY1YzZfX3VzLS1jZW50cmFsMV9faGVsbG9fd29ybGQ6dmVyc2lvbl8xGK6P4an+ByJAcHJvamVjdHMvYW5hbmFzLTRmNWM2L2xvY2F0aW9ucy91cy1jZW50cmFsMS9mdW5jdGlvbnMvaGVsbG9Xb3JsZCoMCKbY2MAGEJiPiakDMghub2RlanMyMjp2CiNnY3IuaW8vZ2FlLXJ1bnRpbWVzL25vZGVqczIyOnN0YWJsZRJPdXMtY2VudHJhbDEtZG9ja2VyLnBrZy5kZXYvc2VydmVybGVzcy1ydW50aW1lcy9nb29nbGUtMjItZnVsbC9ydW50aW1lcy9ub2RlanMyMkAB","operationType":"UPDATE_FUNCTION","buildName":"projects/274428610478/locations/us-central1/builds/249e5006-32f1-4f0d-8084-8c22ebbaee3d"},"done":true,"response":{"@type":"type.googleapis.com/google.cloud.functions.v2.Function","name":"projects/ananas-4f5c6/locations/us-central1/functions/helloWorld","buildConfig":{"build":"projects/274428610478/locations/us-central1/builds/249e5006-32f1-4f0d-8084-8c22ebbaee3d","runtime":"nodejs22","entryPoint":"helloWorld","source":{"storageSource":{"bucket":"gcf-v2-sources-274428610478-us-central1","object":"helloWorld/function-source.zip","generation":"1746283504720113"}},"environmentVariables":{"GOOGLE_NODE_RUN_SCRIPTS":""},"dockerRepository":"projects/ananas-4f5c6/locations/us-central1/repositories/gcf-artifacts","sourceProvenance":{"resolvedStorageSource":{"bucket":"gcf-v2-sources-274428610478-us-central1","object":"helloWorld/function-source.zip","generation":"1746283504720113"}},"dockerRegistry":"ARTIFACT_REGISTRY","serviceAccount":"projects/ananas-4f5c6/serviceAccounts/274428610478-compute@developer.gserviceaccount.com","automaticUpdatePolicy":{}},"serviceConfig":{"service":"projects/ananas-4f5c6/locations/us-central1/services/helloworld","timeoutSeconds":60,"environmentVariables":{"FIREBASE_CONFIG":"{\"projectId\":\"ananas-4f5c6\",\"storageBucket\":\"ananas-4f5c6.firebasestorage.app\"}","GCLOUD_PROJECT":"ananas-4f5c6","EVENTARC_CLOUD_EVENT_SOURCE":"projects/ananas-4f5c6/locations/us-central1/services/helloWorld","FUNCTION_TARGET":"helloWorld","LOG_EXECUTION_ID":"true"},"maxInstanceCount":40,"ingressSettings":"ALLOW_ALL","uri":"https://helloworld-pfduqczu3q-uc.a.run.app","serviceAccountEmail":"274428610478-compute@developer.gserviceaccount.com","availableMemory":"256Mi","allTrafficOnLatestRevision":true,"revision":"helloworld-00002-xus","maxInstanceRequestConcurrency":80,"availableCpu":"1"},"state":"ACTIVE","updateTime":"2025-05-03T14:45:04.769626477Z","labels":{"deployment-tool":"cli-firebase","firebase-functions-hash":"a29166d17fe37ae8a9ce99ad85620a53ecf0b1e2"},"environment":"GEN_2","url":"https://us-central1-ananas-4f5c6.cloudfunctions.net/helloWorld","createTime":"2025-05-03T14:32:55.557394942Z","satisfiesPzi":true}}
[debug] [2025-05-03T14:46:18.849Z] Got source token Cldwcm9qZWN0cy8yNzQ0Mjg2MTA0NzgvbG9jYXRpb25zL3VzLWNlbnRyYWwxL2J1aWxkcy8yNDllNTAwNi0zMmYxLTRmMGQtODA4NC04YzIyZWJiYWVlM2QSaHVzLWNlbnRyYWwxLWRvY2tlci5wa2cuZGV2L2FuYW5hcy00ZjVjNi9nY2YtYXJ0aWZhY3RzL2FuYW5hcy0tNGY1YzZfX3VzLS1jZW50cmFsMV9faGVsbG9fd29ybGQ6dmVyc2lvbl8xGK6P4an+ByJAcHJvamVjdHMvYW5hbmFzLTRmNWM2L2xvY2F0aW9ucy91cy1jZW50cmFsMS9mdW5jdGlvbnMvaGVsbG9Xb3JsZCoMCKbY2MAGEJiPiakDMghub2RlanMyMjp2CiNnY3IuaW8vZ2FlLXJ1bnRpbWVzL25vZGVqczIyOnN0YWJsZRJPdXMtY2VudHJhbDEtZG9ja2VyLnBrZy5kZXYvc2VydmVybGVzcy1ydW50aW1lcy9nb29nbGUtMjItZnVsbC9ydW50aW1lcy9ub2RlanMyMkAB for region us-central1
[info] ✔  functions[helloWorld(us-central1)] Successful update operation. 
[debug] [2025-05-03T14:46:18.859Z] Total Function Deployment time: 93001
[debug] [2025-05-03T14:46:18.860Z] 2 Functions Deployed
[debug] [2025-05-03T14:46:18.860Z] 1 Functions Errored
[debug] [2025-05-03T14:46:18.860Z] 0 Function Deployments Aborted
[debug] [2025-05-03T14:46:18.860Z] Average Function Deployment time: 55281
[info] 
[info] Functions deploy had errors with the following functions:
	onTournamentUpdate(us-central1)
[info] Function URL (helloWorld(us-central1)): https://helloworld-pfduqczu3q-uc.a.run.app
[info] i  functions: cleaning up build files... 
[debug] [2025-05-03T14:46:19.027Z] Checked if tokens are valid: true, expires at: 1746285814941
[debug] [2025-05-03T14:46:19.027Z] Checked if tokens are valid: true, expires at: 1746285814941
[debug] [2025-05-03T14:46:19.027Z] Checked if tokens are valid: true, expires at: 1746285814941
[debug] [2025-05-03T14:46:19.027Z] Checked if tokens are valid: true, expires at: 1746285814941
[debug] [2025-05-03T14:46:19.028Z] Checked if tokens are valid: true, expires at: 1746285814941
[debug] [2025-05-03T14:46:19.028Z] Checked if tokens are valid: true, expires at: 1746285814941
[debug] [2025-05-03T14:46:19.028Z] >>> [apiv2][query] DELETE https://artifactregistry.googleapis.com/v1/projects/ananas-4f5c6/locations/us-central1/repositories/gcf-artifacts/packages/ananas--4f5c6__us--central1__hello_world [none]
[debug] [2025-05-03T14:46:19.029Z] >>> [apiv2][query] DELETE https://artifactregistry.googleapis.com/v1/projects/ananas-4f5c6/locations/us-central1/repositories/gcf-artifacts/packages/ananas--4f5c6__us--central1__on_tournament_update [none]
[debug] [2025-05-03T14:46:19.030Z] >>> [apiv2][query] GET https://us.gcr.io/v2/ananas-4f5c6/gcf/us-central1/tags/list [none]
[debug] [2025-05-03T14:46:19.354Z] <<< [apiv2][status] GET https://us.gcr.io/v2/ananas-4f5c6/gcf/us-central1/tags/list 404
[debug] [2025-05-03T14:46:19.354Z] <<< [apiv2][body] GET https://us.gcr.io/v2/ananas-4f5c6/gcf/us-central1/tags/list {"errors":[{"code":"NAME_UNKNOWN","message":"Repository \"us.gcr.io\" not found"}]}
[debug] [2025-05-03T14:46:19.355Z] Failed docker command with error  Request to https://us.gcr.io/v2/ananas-4f5c6/gcf/us-central1/tags/list had HTTP Error: 404, Not Found {"name":"FirebaseError","children":[],"context":{"body":{"errors":[{"code":"NAME_UNKNOWN","message":"Repository \"us.gcr.io\" not found"}],"error":{"message":"Not Found"}},"response":{"statusCode":404}},"exit":1,"message":"Request to https://us.gcr.io/v2/ananas-4f5c6/gcf/us-central1/tags/list had HTTP Error: 404, Not Found","status":404}
[debug] [2025-05-03T14:46:19.357Z] Checked if tokens are valid: true, expires at: 1746285814941
[debug] [2025-05-03T14:46:19.357Z] Checked if tokens are valid: true, expires at: 1746285814941
[debug] [2025-05-03T14:46:19.357Z] >>> [apiv2][query] GET https://us.gcr.io/v2/ananas-4f5c6/gcf/us-central1/tags/list [none]
[debug] [2025-05-03T14:46:19.640Z] <<< [apiv2][status] GET https://us.gcr.io/v2/ananas-4f5c6/gcf/us-central1/tags/list 404
[debug] [2025-05-03T14:46:19.640Z] <<< [apiv2][body] GET https://us.gcr.io/v2/ananas-4f5c6/gcf/us-central1/tags/list {"errors":[{"code":"NAME_UNKNOWN","message":"Repository \"us.gcr.io\" not found"}]}
[debug] [2025-05-03T14:46:19.641Z] Failed docker command with error  Request to https://us.gcr.io/v2/ananas-4f5c6/gcf/us-central1/tags/list had HTTP Error: 404, Not Found {"name":"FirebaseError","children":[],"context":{"body":{"errors":[{"code":"NAME_UNKNOWN","message":"Repository \"us.gcr.io\" not found"}],"error":{"message":"Not Found"}},"response":{"statusCode":404}},"exit":1,"message":"Request to https://us.gcr.io/v2/ananas-4f5c6/gcf/us-central1/tags/list had HTTP Error: 404, Not Found","status":404}
[debug] [2025-05-03T14:46:19.743Z] Checked if tokens are valid: true, expires at: 1746285814941
[debug] [2025-05-03T14:46:19.743Z] Checked if tokens are valid: true, expires at: 1746285814941
[debug] [2025-05-03T14:46:19.744Z] >>> [apiv2][query] GET https://us.gcr.io/v2/ananas-4f5c6/gcf/us-central1/tags/list [none]
[debug] [2025-05-03T14:46:19.765Z] <<< [apiv2][status] DELETE https://artifactregistry.googleapis.com/v1/projects/ananas-4f5c6/locations/us-central1/repositories/gcf-artifacts/packages/ananas--4f5c6__us--central1__on_tournament_update 404
[debug] [2025-05-03T14:46:19.765Z] <<< [apiv2][body] DELETE https://artifactregistry.googleapis.com/v1/projects/ananas-4f5c6/locations/us-central1/repositories/gcf-artifacts/packages/ananas--4f5c6__us--central1__on_tournament_update {"error":{"code":404,"message":"Package \"projects/ananas-4f5c6/locations/us-central1/repositories/gcf-artifacts/packages/ananas--4f5c6__us--central1__on_tournament_update\" was not found.","status":"NOT_FOUND"}}
[debug] [2025-05-03T14:46:19.766Z] <<< [apiv2][status] DELETE https://artifactregistry.googleapis.com/v1/projects/ananas-4f5c6/locations/us-central1/repositories/gcf-artifacts/packages/ananas--4f5c6__us--central1__hello_world 200
[debug] [2025-05-03T14:46:19.766Z] <<< [apiv2][body] DELETE https://artifactregistry.googleapis.com/v1/projects/ananas-4f5c6/locations/us-central1/repositories/gcf-artifacts/packages/ananas--4f5c6__us--central1__hello_world {"name":"projects/ananas-4f5c6/locations/us-central1/operations/517d8f1b-a505-4f66-b66b-80856b7749d0","metadata":{"@type":"type.googleapis.com/google.devtools.artifactregistry.v1.OperationMetadata"}}
[debug] [2025-05-03T14:46:19.766Z] Checked if tokens are valid: true, expires at: 1746285814941
[debug] [2025-05-03T14:46:19.767Z] Checked if tokens are valid: true, expires at: 1746285814941
[debug] [2025-05-03T14:46:19.767Z] >>> [apiv2][query] GET https://artifactregistry.googleapis.com/v1/projects/ananas-4f5c6/locations/us-central1/operations/517d8f1b-a505-4f66-b66b-80856b7749d0 [none]
[debug] [2025-05-03T14:46:20.014Z] <<< [apiv2][status] GET https://us.gcr.io/v2/ananas-4f5c6/gcf/us-central1/tags/list 404
[debug] [2025-05-03T14:46:20.015Z] <<< [apiv2][body] GET https://us.gcr.io/v2/ananas-4f5c6/gcf/us-central1/tags/list {"errors":[{"code":"NAME_UNKNOWN","message":"Repository \"us.gcr.io\" not found"}]}
[debug] [2025-05-03T14:46:20.015Z] Failed docker command with error  Request to https://us.gcr.io/v2/ananas-4f5c6/gcf/us-central1/tags/list had HTTP Error: 404, Not Found {"name":"FirebaseError","children":[],"context":{"body":{"errors":[{"code":"NAME_UNKNOWN","message":"Repository \"us.gcr.io\" not found"}],"error":{"message":"Not Found"}},"response":{"statusCode":404}},"exit":1,"message":"Request to https://us.gcr.io/v2/ananas-4f5c6/gcf/us-central1/tags/list had HTTP Error: 404, Not Found","status":404}
[debug] [2025-05-03T14:46:20.470Z] <<< [apiv2][status] GET https://artifactregistry.googleapis.com/v1/projects/ananas-4f5c6/locations/us-central1/operations/517d8f1b-a505-4f66-b66b-80856b7749d0 200
[debug] [2025-05-03T14:46:20.471Z] <<< [apiv2][body] GET https://artifactregistry.googleapis.com/v1/projects/ananas-4f5c6/locations/us-central1/operations/517d8f1b-a505-4f66-b66b-80856b7749d0 {"name":"projects/ananas-4f5c6/locations/us-central1/operations/517d8f1b-a505-4f66-b66b-80856b7749d0","metadata":{"@type":"type.googleapis.com/google.devtools.artifactregistry.v1.OperationMetadata"},"done":true,"response":{"@type":"type.googleapis.com/google.protobuf.Empty"}}
[warn] ⚠  functions: Unhandled error cleaning up build images. This could result in a small monthly bill if not corrected. You can attempt to delete these images by redeploying or you can delete them manually at https://console.cloud.google.com/gcr/images/ananas-4f5c6/us/gcf 
[debug] [2025-05-03T14:46:20.471Z] Functions deploy failed.
[debug] [2025-05-03T14:46:20.471Z] {
  "endpoint": {
    "id": "onTournamentUpdate",
    "project": "ananas-4f5c6",
    "region": "us-central1",
    "entryPoint": "onTournamentUpdate",
    "platform": "gcfv2",
    "runtime": "nodejs22",
    "eventTrigger": {
      "eventType": "google.cloud.firestore.document.v1.updated",
      "retry": false,
      "eventFilters": {
        "database": "(default)",
        "namespace": "(default)"
      },
      "eventFilterPathPatterns": {
        "document": "tournaments/{tournamentId}"
      },
      "region": "europe-west2"
    },
    "labels": {
      "deployment-tool": "cli-firebase"
    },
    "ingressSettings": null,
    "availableMemoryMb": null,
    "serviceAccount": null,
    "timeoutSeconds": null,
    "maxInstances": null,
    "minInstances": null,
    "concurrency": 80,
    "vpc": null,
    "environmentVariables": {
      "FIREBASE_CONFIG": "{\"projectId\":\"ananas-4f5c6\",\"storageBucket\":\"ananas-4f5c6.firebasestorage.app\"}",
      "GCLOUD_PROJECT": "ananas-4f5c6",
      "EVENTARC_CLOUD_EVENT_SOURCE": "projects/ananas-4f5c6/locations/us-central1/services/onTournamentUpdate"
    },
    "codebase": "default",
    "cpu": 1,
    "targetedByOnly": false,
    "hash": "a29166d17fe37ae8a9ce99ad85620a53ecf0b1e2"
  },
  "op": "create",
  "original": {
    "name": "FirebaseError",
    "children": [],
    "context": {
      "function": "projects/ananas-4f5c6/locations/us-central1/functions/onTournamentUpdate"
    },
    "exit": 1,
    "message": "Failed to create function projects/ananas-4f5c6/locations/us-central1/functions/onTournamentUpdate",
    "original": {
      "name": "FirebaseError",
      "children": [],
      "context": {
        "body": {
          "error": {
            "code": 400,
            "message": "Validation failed for trigger projects/ananas-4f5c6/locations/europe-west2/triggers/ontournamentupdate-507289: Invalid resource state for \"\": Permission denied while using the Eventarc Service Agent. If you recently started to use Eventarc, it may take a few minutes before all necessary permissions are propagated to the Service Agent. Otherwise, verify that it has Eventarc Service Agent role.",
            "status": "FAILED_PRECONDITION"
          }
        },
        "response": {
          "statusCode": 400
        }
      },
      "exit": 1,
      "message": "Request to https://cloudfunctions.googleapis.com/v2/projects/ananas-4f5c6/locations/us-central1/functions?functionId=onTournamentUpdate had HTTP Error: 400, Validation failed for trigger projects/ananas-4f5c6/locations/europe-west2/triggers/ontournamentupdate-507289: Invalid resource state for \"\": Permission denied while using the Eventarc Service Agent. If you recently started to use Eventarc, it may take a few minutes before all necessary permissions are propagated to the Service Agent. Otherwise, verify that it has Eventarc Service Agent role.",
      "status": 400
    },
    "status": 400,
    "code": 400
  }
}
[debug] [2025-05-03T14:46:20.515Z] Error: Failed to create function onTournamentUpdate in region us-central1
    at /Users/nicolasjacquis/.nvm/versions/node/v18.20.5/lib/node_modules/firebase-tools/lib/deploy/functions/release/fabricator.js:294:27
    at process.processTicksAndRejections (node:internal/process/task_queues:95:5)
    at async Fabricator.createV2Function (/Users/nicolasjacquis/.nvm/versions/node/v18.20.5/lib/node_modules/firebase-tools/lib/deploy/functions/release/fabricator.js:278:30)
    at async Fabricator.createEndpoint (/Users/nicolasjacquis/.nvm/versions/node/v18.20.5/lib/node_modules/firebase-tools/lib/deploy/functions/release/fabricator.js:137:13)
    at async handle (/Users/nicolasjacquis/.nvm/versions/node/v18.20.5/lib/node_modules/firebase-tools/lib/deploy/functions/release/fabricator.js:89:17)
[error] 
[error] Error: There was an error deploying functions
